ts_code,csname,extname,cname,index_code,index_name,setup_date,list_date,list_status,exchange,mgr_name,custod_name,mgt_fee,etf_type,list_date_parsed,cluster
510630.SH,华夏上证主要消费ETF,华夏上证主要消费ETF,上证主要消费交易型开放式指数发起式证券投资基金,000036.SH,上证消费,20130328,20130508,L,SH,华夏基金,中国建设银行股份有限公司,0.5,纯境内,2013-05-08,consumer
510660.SH,华夏上证医药卫生ETF,华夏上证医药卫生ETF,上证医药卫生交易型开放式指数发起式证券投资基金,000037.SH,上证医药,20130328,20130508,L,SH,华夏基金,中国建设银行股份有限公司,0.5,纯境内,2013-05-08,healthcare
510150.SH,招商上证消费80ETF,招商上证消费80ETF,招商上证消费80交易型开放式指数证券投资基金,000069.SH,上证消费80,20101208,20110225,L,SH,招商基金,中国工商银行股份有限公司,0.5,纯境内,2011-02-25,consumer
588700.SH,嘉实上证科创板生物医药ETF,嘉实上证科创板生物医药ETF,嘉实上证科创板生物医药交易型开放式指数证券投资基金,000683.SH,上证科创生物,20231227,20240105,L,SH,嘉实基金,国泰海通证券股份有限公司,0.5,纯境内,2024-01-05,healthcare
588860.SH,工银瑞信上证科创板生物医药ETF,工银瑞信上证科创板生物医药ETF,工银瑞信上证科创板生物医药交易型开放式指数证券投资基金,000683.SH,上证科创生物,20240808,20240823,L,SH,工银瑞信基金,华泰证券股份有限公司,0.45,纯境内,2024-08-23,healthcare
588250.SH,鹏华上证科创板生物医药ETF,鹏华上证科创板生物医药ETF,鹏华上证科创板生物医药交易型开放式指数证券投资基金,000683.SH,上证科创生物,20250312,20250321,L,SH,鹏华基金,中信证券股份有限公司,0.5,纯境内,2025-03-21,healthcare
588130.SH,华夏上证科创板生物医药ETF,华夏上证科创板生物医药ETF,华夏上证科创板生物医药交易型开放式指数证券投资基金,000683.SH,上证科创生物,20250514,20250528,L,SH,华夏基金,中泰证券股份有限公司,0.5,纯境内,2025-05-28,healthcare
588200.SH,嘉实上证科创板芯片ETF,嘉实上证科创板芯片ETF,嘉实上证科创板芯片交易型开放式指数证券投资基金,000685.SH,上证科创芯片,20220930,20221026,L,SH,嘉实基金,中信证券股份有限公司,0.5,纯境内,2022-10-26,semiconductors
588290.SH,华安上证科创板芯片ETF,华安上证科创板芯片ETF,华安上证科创板芯片交易型开放式指数证券投资基金,000685.SH,上证科创芯片,20220930,20221026,L,SH,华安基金,华泰证券股份有限公司,0.15,纯境内,2022-10-26,semiconductors
588890.SH,南方上证科创板芯片ETF,南方上证科创板芯片ETF,南方上证科创板芯片交易型开放式指数证券投资基金,000685.SH,上证科创芯片,20240415,20240423,L,SH,南方基金,交通银行股份有限公司,0.5,纯境内,2024-04-23,semiconductors
588990.SH,博时上证科创板芯片ETF,博时上证科创板芯片ETF,博时上证科创板芯片交易型开放式指数证券投资基金,000685.SH,上证科创芯片,20240808,20240816,L,SH,博时基金,平安银行股份有限公司,0.5,纯境内,2024-08-16,semiconductors
588750.SH,汇添富上证科创板芯片ETF,汇添富上证科创板芯片ETF,汇添富上证科创板芯片交易型开放式指数证券投资基金,000685.SH,上证科创芯片,20241218,20241226,L,SH,汇添富基金,中国工商银行股份有限公司,0.5,纯境内,2024-12-26,semiconductors
588810.SH,富国上证科创板芯片ETF,富国上证科创板芯片ETF,富国上证科创板芯片交易型开放式指数证券投资基金,000685.SH,上证科创芯片,20241230,20250109,L,SH,富国基金,中泰证券股份有限公司,0.5,纯境内,2025-01-09,semiconductors
589100.SH,国泰上证科创板芯片ETF,国泰上证科创板芯片ETF,国泰上证科创板芯片交易型开放式指数证券投资基金,000685.SH,上证科创芯片,20250326,20250407,L,SH,国泰基金,国投证券股份有限公司,0.5,纯境内,2025-04-07,semiconductors
588920.SH,鹏华上证科创板芯片ETF,鹏华上证科创板芯片ETF,鹏华上证科创板芯片交易型开放式指数证券投资基金,000685.SH,上证科创芯片,20250716,20250728,L,SH,鹏华基金,国泰海通证券股份有限公司,0.5,纯境内,2025-07-28,semiconductors
589130.SH,易方达上证科创板芯片ETF,易方达上证科创板芯片ETF,易方达上证科创板芯片交易型开放式指数证券投资基金,000685.SH,上证科创芯片,20251229,20260108,L,SH,易方达基金,招商银行股份有限公司,0.5,纯境内,2026-01-08,semiconductors
589190.SH,华宝上证科创板芯片ETF,华宝上证科创板芯片ETF,华宝上证科创板芯片交易型开放式指数证券投资基金,000685.SH,上证科创芯片,20260119,20260127,L,SH,华宝基金,招商银行股份有限公司,0.3,纯境内,2026-01-27,semiconductors
589160.SH,广发上证科创板芯片ETF,广发上证科创板芯片ETF,广发上证科创板芯片交易型开放式指数证券投资基金,000685.SH,上证科创芯片,20260121,20260130,L,SH,广发基金,中国邮政储蓄银行股份有限公司,0.5,纯境内,2026-01-30,semiconductors
588830.SH,鹏华上证科创板新能源ETF,鹏华上证科创板新能源ETF,鹏华上证科创板新能源交易型开放式指数证券投资基金,000692.SH,上证科创板新能源,20240731,20240809,L,SH,鹏华基金,国泰海通证券股份有限公司,0.5,纯境内,2024-08-09,battery_storage
588960.SH,富国上证科创板新能源ETF,富国上证科创板新能源ETF,富国上证科创板新能源交易型开放式指数证券投资基金,000692.SH,上证科创板新能源,20250206,20250219,L,SH,富国基金,招商银行股份有限公司,0.5,纯境内,2025-02-19,battery_storage
589960.SH,易方达上证科创板新能源ETF,易方达上证科创板新能源ETF,易方达上证科创板新能源交易型开放式指数证券投资基金,000692.SH,上证科创板新能源,20250910,20250922,L,SH,易方达基金,中信证券股份有限公司,0.5,纯境内,2025-09-22,battery_storage
588850.SH,嘉实上证科创板工业机械ETF,嘉实上证科创板工业机械ETF,嘉实上证科创板工业机械交易型开放式指数证券投资基金,000693.SH,上证科创机械,20250416,20250424,L,SH,嘉实基金,广发证券股份有限公司,0.5,纯境内,2025-04-24,industrials
516600.SH,工银瑞信中证消费服务领先ETF,工银瑞信中证消费服务领先ETF,工银瑞信中证消费服务领先交易型开放式指数证券投资基金,000806.CSI,中证消费服务,20210209,20210226,L,SH,工银瑞信基金,中信建投证券股份有限公司,0.45,纯境内,2021-02-26,consumer
516900.SH,华安中证申万食品饮料ETF,华安中证申万食品饮料ETF,华安中证申万食品饮料交易型开放式指数证券投资基金,000807.CSI,中证食品饮料,20210416,20210428,L,SH,华安基金,中国建设银行股份有限公司,0.5,纯境内,2021-04-28,consumer
516650.SH,华夏中证细分有色金属产业主题ETF,华夏中证细分有色金属产业主题ETF,华夏中证细分有色金属产业主题交易型开放式指数证券投资基金,000811.CSI,中证细分有色,20210609,20210621,L,SH,华夏基金,中信银行股份有限公司,0.5,纯境内,2021-06-21,materials
159652.SZ,汇添富中证细分有色金属产业主题ETF,汇添富中证细分有色金属产业主题ETF,汇添富中证细分有色金属产业主题交易型开放式指数证券投资基金,000811.CSI,中证细分有色,20230116,20230208,L,SZ,汇添富基金,中国工商银行股份有限公司,0.5,纯境内,2023-02-08,materials
560470.SH,易方达中证细分有色金属产业主题ETF,易方达中证细分有色金属产业主题ETF,易方达中证细分有色金属产业主题交易型开放式指数证券投资基金,000811.CSI,中证细分有色,20260422,20260430,L,SH,易方达基金,北京银行股份有限公司,0.15,纯境内,2026-04-30,materials
159886.SZ,富国中证细分机械设备产业主题ETF,富国中证细分机械设备产业主题ETF,富国中证细分机械设备产业主题交易型开放式指数证券投资基金,000812.CSI,中证细分机械,20210415,20210428,L,SZ,富国基金,中国工商银行股份有限公司,0.5,纯境内,2021-04-28,industrials
516960.SH,国泰中证细分机械设备产业主题ETF,国泰中证细分机械设备产业主题ETF,国泰中证细分机械设备产业主题交易型开放式指数证券投资基金,000812.CSI,中证细分机械,20210407,20210507,L,SH,国泰基金,中信建投证券股份有限公司,0.5,纯境内,2021-05-07,industrials
159870.SZ,鹏华中证细分化工产业主题ETF,鹏华中证细分化工产业主题ETF,鹏华中证细分化工产业主题交易型开放式指数证券投资基金,000813.CSI,中证细分化工,20210223,20210303,L,SZ,鹏华基金,华泰证券股份有限公司,0.5,纯境内,2021-03-03,materials
516020.SH,华宝中证细分化工产业主题ETF,华宝中证细分化工产业主题ETF,华宝中证细分化工产业主题交易型开放式指数证券投资基金,000813.CSI,中证细分化工,20210226,20210308,L,SH,华宝基金,中国银行股份有限公司,0.5,纯境内,2021-03-08,materials
516120.SH,富国中证细分化工产业主题ETF,富国中证细分化工产业主题ETF,富国中证细分化工产业主题交易型开放式指数证券投资基金,000813.CSI,中证细分化工,20210301,20210309,L,SH,富国基金,中国建设银行股份有限公司,0.5,纯境内,2021-03-09,materials
516220.SH,国泰中证细分化工产业主题ETF,国泰中证细分化工产业主题ETF,国泰中证细分化工产业主题交易型开放式指数证券投资基金,000813.CSI,中证细分化工,20210302,20210310,L,SH,国泰基金,中信建投证券股份有限公司,0.5,纯境内,2021-03-10,materials
159129.SZ,嘉实中证细分化工产业主题ETF,嘉实中证细分化工产业主题ETF,嘉实中证细分化工产业主题交易型开放式指数证券投资基金,000813.CSI,中证细分化工,20251106,20251114,L,SZ,嘉实基金,交通银行股份有限公司,0.15,纯境内,2025-11-14,materials
159133.SZ,天弘中证细分化工产业主题ETF,天弘中证细分化工产业主题ETF,天弘中证细分化工产业主题交易型开放式指数证券投资基金,000813.CSI,中证细分化工,20251117,20251125,L,SZ,天弘基金,中信建投证券股份有限公司,0.5,纯境内,2025-11-25,materials
512120.SH,华安中证细分医药ETF,华安中证细分医药ETF,华安中证细分医药交易型开放式指数证券投资基金,000814.SH,中证细分医药,20131204,20140106,L,SH,华安基金,中国建设银行股份有限公司,0.5,纯境内,2014-01-06,healthcare
515710.SH,华宝中证细分食品饮料产业主题ETF,华宝中证细分食品饮料产业主题ETF,华宝中证细分食品饮料产业主题交易型开放式指数证券投资基金,000815.CSI,中证细分食品,20201224,20210107,L,SH,华宝基金,中国工商银行股份有限公司,0.5,纯境内,2021-01-07,consumer
515170.SH,华夏中证细分食品饮料产业主题ETF,华夏中证细分食品饮料产业主题ETF,华夏中证细分食品饮料产业主题交易型开放式指数证券投资基金,000815.CSI,中证细分食品,20201230,20210113,L,SH,华夏基金,中国银行股份有限公司,0.5,纯境内,2021-01-13,consumer
159862.SZ,银华中证细分食品饮料产业主题ETF,银华中证细分食品饮料产业主题ETF,银华中证细分食品饮料产业主题交易型开放式指数证券投资基金,000815.CSI,中证细分食品,20211026,20211108,L,SZ,银华基金,招商银行股份有限公司,0.5,纯境内,2021-11-08,consumer
512400.SH,南方中证申万有色金属ETF,南方中证申万有色金属ETF,南方中证申万有色金属交易型开放式指数证券投资基金,000819.SH,中证有色金属,20170803,20170901,L,SH,南方基金,中国工商银行股份有限公司,0.5,纯境内,2017-09-01,materials
512010.SH,易方达沪深300医药卫生ETF,易方达沪深300医药卫生ETF,易方达沪深300医药卫生交易型开放式指数证券投资基金,000913.SH,300医药,20130923,20131028,L,SH,易方达基金,中国建设银行股份有限公司,0.5,纯境内,2013-10-28,healthcare
159928.SZ,汇添富中证主要消费ETF,汇添富中证主要消费ETF,中证主要消费交易型开放式指数证券投资基金,000932.SH,中证800消费,20130823,20130916,L,SZ,汇添富基金,中国工商银行股份有限公司,0.5,纯境内,2013-09-16,consumer
512600.SH,嘉实中证主要消费ETF,嘉实中证主要消费ETF,嘉实中证主要消费交易型开放式指数证券投资基金,000932.SH,中证800消费,20140613,20140725,L,SH,嘉实基金,中国银行股份有限公司,0.5,纯境内,2014-07-25,consumer
560680.SH,广发中证主要消费ETF,广发中证主要消费ETF,广发中证主要消费交易型开放式指数证券投资基金,000932.SH,中证800消费,20221019,20221031,L,SH,广发基金,华泰证券股份有限公司,0.5,纯境内,2022-10-31,consumer
159689.SZ,南方中证主要消费ETF,南方中证主要消费ETF,南方中证主要消费交易型开放式指数证券投资基金,000932.SH,中证800消费,20230303,20230313,L,SZ,南方基金,招商银行股份有限公司,0.5,纯境内,2023-03-13,consumer
159672.SZ,博时中证主要消费ETF,博时中证主要消费ETF,博时中证主要消费交易型开放式指数证券投资基金,000932.SH,中证800消费,20230323,20230403,L,SZ,博时基金,平安银行股份有限公司,0.5,纯境内,2023-04-03,consumer
159511.SZ,南方中证通信服务ETF,南方中证通信服务ETF,南方中证通信服务交易型开放式指数证券投资基金,000936.CSI,中证800通信,20230728,20230807,L,SZ,南方基金,中国银行股份有限公司,0.5,纯境内,2023-08-07,electronics_communication
516270.SH,华安中证内地新能源主题ETF,华安中证内地新能源主题ETF,华安中证内地新能源主题交易型开放式指数证券投资基金,000941.CSI,中证新能源,20210709,20210723,L,SH,华安基金,中国银行股份有限公司,0.5,纯境内,2021-07-23,battery_storage
159752.SZ,申万菱信中证内地新能源主题ETF,申万菱信中证内地新能源主题ETF,申万菱信中证内地新能源主题交易型开放式指数证券投资基金,000941.CSI,中证新能源,20210720,20210728,L,SZ,申万菱信基金,中信建投证券股份有限公司,0.5,纯境内,2021-07-28,battery_storage
159827.SZ,银华中证农业主题ETF,银华中证农业主题ETF,银华中证农业主题交易型开放式指数证券投资基金,000949.CSI,中证农业,20201210,20201218,L,SZ,银华基金,中国建设银行股份有限公司,0.5,纯境内,2020-12-18,agriculture
159825.SZ,富国中证农业主题ETF,富国中证农业主题ETF,富国中证农业主题交易型开放式指数证券投资基金,000949.CSI,中证农业,20201210,20201229,L,SZ,富国基金,中国农业银行股份有限公司,0.5,纯境内,2020-12-29,agriculture
516810.SH,华夏中证农业主题ETF,华夏中证农业主题ETF,华夏中证农业主题交易型开放式指数证券投资基金,000949.CSI,中证农业,20211229,20220111,L,SH,华夏基金,中国农业银行股份有限公司,0.5,纯境内,2022-01-11,agriculture
512620.SH,天弘中证农业主题ETF,天弘中证农业主题ETF,天弘中证农业主题交易型开放式指数证券投资基金,000949.CSI,中证农业,20251112,20251121,L,SH,天弘基金,国泰海通证券股份有限公司,0.5,纯境内,2025-11-21,agriculture
159041.SZ,鹏华中证农业主题ETF,鹏华中证农业主题ETF,鹏华中证农业主题交易型开放式指数证券投资基金,000949.CSI,中证农业,20260527,20260610,L,SZ,鹏华基金,中信银行股份有限公司,0.5,纯境内,2026-06-10,agriculture
159938.SZ,广发中证全指医药卫生ETF,广发中证全指医药卫生ETF,广发中证全指医药卫生交易型开放式指数证券投资基金,000991.SH,中证全指医药,20141201,20150108,L,SZ,广发基金,中国银行股份有限公司,0.5,纯境内,2015-01-08,healthcare
159256.SZ,华夏创业板软件ETF,华夏创业板软件ETF,华夏创业板软件交易型开放式指数证券投资基金,399264.SZ,深证创业软件,20250724,20250804,L,SZ,华夏基金,中信建投证券股份有限公司,0.5,纯境内,2025-08-04,software_media
159107.SZ,富国创业板软件ETF,富国创业板软件ETF,富国创业板软件交易型开放式指数证券投资基金,399264.SZ,深证创业软件,20250910,20250922,L,SZ,富国基金,兴业银行股份有限公司,0.5,纯境内,2025-09-22,software_media
159368.SZ,华夏创业板新能源ETF,华夏创业板新能源ETF,华夏创业板新能源交易型开放式指数证券投资基金,399266.SZ,深证创新能源,20250314,20250324,L,SZ,华夏基金,国泰海通证券股份有限公司,0.15,纯境内,2025-03-24,battery_storage
159387.SZ,国泰创业板新能源ETF,国泰创业板新能源ETF,国泰创业板新能源交易型开放式指数证券投资基金,399266.SZ,深证创新能源,20250528,20250610,L,SZ,国泰基金,广发证券股份有限公司,0.5,纯境内,2025-06-10,battery_storage
159261.SZ,鹏华创业板新能源ETF,鹏华创业板新能源ETF,鹏华创业板新能源交易型开放式指数证券投资基金,399266.SZ,深证创新能源,20250625,20250707,L,SZ,鹏华基金,中泰证券股份有限公司,0.5,纯境内,2025-07-07,battery_storage
159122.SZ,富国创业板新能源ETF,富国创业板新能源ETF,富国创业板新能源交易型开放式指数证券投资基金,399266.SZ,深证创新能源,20251022,20251103,L,SZ,富国基金,财通证券股份有限公司,0.5,纯境内,2025-11-03,battery_storage
159149.SZ,工银瑞信创业板新能源ETF,工银瑞信创业板新能源ETF,工银瑞信创业板新能源交易型开放式指数证券投资基金,399266.SZ,深证创新能源,20260107,20260120,L,SZ,工银瑞信基金,国投证券股份有限公司,0.5,纯境内,2026-01-20,battery_storage
159190.SZ,天弘创业板新能源ETF,天弘创业板新能源ETF,天弘创业板新能源交易型开放式指数证券投资基金,399266.SZ,深证创新能源,20260318,20260330,L,SZ,天弘基金,中信建投证券股份有限公司,0.5,纯境内,2026-03-30,battery_storage
159187.SZ,景顺长城创业板新能源ETF,景顺长城创业板新能源ETF,景顺长城创业板新能源交易型开放式指数证券投资基金,399266.SZ,深证创新能源,20260324,20260401,L,SZ,景顺长城基金,华泰证券股份有限公司,0.5,纯境内,2026-04-01,battery_storage
159009.SZ,易方达创业板新能源ETF,易方达创业板新能源ETF,易方达创业板新能源交易型开放式指数证券投资基金,399266.SZ,深证创新能源,20260403,20260414,L,SZ,易方达基金,中国农业银行股份有限公司,0.15,纯境内,2026-04-14,battery_storage
159076.SZ,华宝创业板新能源ETF,华宝创业板新能源ETF,华宝创业板新能源交易型开放式指数证券投资基金,399266.SZ,深证创新能源,20260630,20260708,L,SZ,华宝基金,华福证券股份有限公司,0.5,纯境内,2026-07-08,battery_storage
159377.SZ,国泰创业板医药卫生ETF,国泰创业板医药卫生ETF,国泰创业板医药卫生交易型开放式指数证券投资基金,399275.SZ,深证创医药,20250402,20250415,L,SZ,国泰基金,国泰海通证券股份有限公司,0.5,纯境内,2025-04-15,healthcare
159728.SZ,南方国证在线消费ETF,南方国证在线消费ETF,南方国证在线消费交易型开放式指数证券投资基金,399361.SZ,国证在线消费,20211229,20220111,L,SZ,南方基金,中国工商银行股份有限公司,0.5,纯境内,2022-01-11,consumer
159695.SZ,嘉实国证通信ETF,嘉实国证通信ETF,嘉实国证通信交易型开放式指数证券投资基金,399389.SZ,国证通信,20230427,20230510,L,SZ,嘉实基金,中信建投证券股份有限公司,0.5,纯境内,2023-05-10,electronics_communication
159507.SZ,广发国证通信ETF,广发国证通信ETF,广发国证通信交易型开放式指数证券投资基金,399389.SZ,国证通信,20230608,20230621,L,SZ,广发基金,招商银行股份有限公司,0.5,纯境内,2023-06-21,electronics_communication
159880.SZ,鹏华国证有色金属行业ETF,鹏华国证有色金属行业ETF,鹏华国证有色金属行业交易型开放式指数证券投资基金,399395.SZ,国证有色,20210308,20210325,L,SZ,鹏华基金,中信证券股份有限公司,0.5,纯境内,2021-03-25,materials
159843.SZ,招商国证食品饮料行业ETF,招商国证食品饮料行业ETF,招商国证食品饮料行业交易型开放式指数证券投资基金,399396.SZ,国证食品,20210125,20210205,L,SZ,招商基金,申万宏源证券有限公司,0.5,纯境内,2021-02-05,consumer
159993.SZ,鹏华国证证券龙头ETF,鹏华国证证券龙头ETF,鹏华国证证券龙头交易型开放式指数证券投资基金,399437.SZ,国证证券龙头,20191226,20200207,L,SZ,鹏华基金,中信证券股份有限公司,0.5,纯境内,2020-02-07,financials
159625.SZ,嘉实国证绿色电力ETF,嘉实国证绿色电力ETF,嘉实国证绿色电力交易型开放式指数证券投资基金,399438.SZ,国证绿色电力,20220421,20220429,L,SZ,嘉实基金,华泰证券股份有限公司,0.5,纯境内,2022-04-29,power_grid
159669.SZ,国泰国证绿色电力ETF,国泰国证绿色电力ETF,国泰国证绿色电力交易型开放式指数证券投资基金,399438.SZ,国证绿色电力,20221229,20230111,L,SZ,国泰基金,中国邮政储蓄银行股份有限公司,0.5,纯境内,2023-01-11,power_grid
159046.SZ,天弘国证绿色电力ETF,天弘国证绿色电力ETF,天弘国证绿色电力交易型开放式指数证券投资基金,399438.SZ,国证绿色电力,20260603,20260611,L,SZ,天弘基金,国泰海通证券股份有限公司,0.5,纯境内,2026-06-11,power_grid
159061.SZ,南方国证绿色电力ETF,南方国证绿色电力ETF,南方国证绿色电力交易型开放式指数证券投资基金,399438.SZ,国证绿色电力,20260615,20260624,L,SZ,南方基金,广发证券股份有限公司,0.15,纯境内,2026-06-24,power_grid
159067.SZ,鹏华国证绿色电力ETF,鹏华国证绿色电力ETF,鹏华国证绿色电力交易型开放式指数证券投资基金,399438.SZ,国证绿色电力,20260630,20260713,L,SZ,鹏华基金,江苏银行股份有限公司,0.5,纯境内,2026-07-13,power_grid
159697.SZ,鹏华国证石油天然气ETF,鹏华国证石油天然气ETF,鹏华国证石油天然气交易型开放式指数证券投资基金,399439.SZ,国证油气,20230417,20230504,L,SZ,鹏华基金,国泰海通证券股份有限公司,0.5,纯境内,2023-05-04,energy
159588.SZ,景顺长城国证石油天然气ETF,景顺长城国证石油天然气ETF,景顺长城国证石油天然气交易型开放式指数证券投资基金,399439.SZ,国证油气,20240523,20240531,L,SZ,景顺长城基金,中泰证券股份有限公司,0.5,纯境内,2024-05-31,energy
159148.SZ,富国国证石油天然气ETF,富国国证石油天然气ETF,富国国证石油天然气交易型开放式指数证券投资基金,399439.SZ,国证油气,20260203,20260211,L,SZ,富国基金,广发证券股份有限公司,0.5,纯境内,2026-02-11,energy
159181.SZ,易方达国证石油天然气ETF,易方达国证石油天然气ETF,易方达国证石油天然气交易型开放式指数证券投资基金,399439.SZ,国证油气,20260311,20260319,L,SZ,易方达基金,招商银行股份有限公司,0.15,纯境内,2026-03-19,energy
159189.SZ,华夏国证石油天然气ETF,华夏国证石油天然气ETF,华夏国证石油天然气交易型开放式指数证券投资基金,399439.SZ,国证油气,20260311,20260319,L,SZ,华夏基金,中国建设银行股份有限公司,0.15,纯境内,2026-03-19,energy
159195.SZ,华安国证石油天然气ETF,华安国证石油天然气ETF,华安国证石油天然气交易型开放式指数证券投资基金,399439.SZ,国证油气,20260320,20260402,L,SZ,华安基金,国投证券股份有限公司,0.5,纯境内,2026-04-02,energy
159197.SZ,招商国证石油天然气ETF,招商国证石油天然气ETF,招商国证石油天然气交易型开放式指数证券投资基金,399439.SZ,国证油气,20260325,20260402,L,SZ,招商基金,东方财富证券股份有限公司,0.5,纯境内,2026-04-02,energy
159199.SZ,平安国证石油天然气ETF,平安国证石油天然气ETF,平安国证石油天然气交易型开放式指数证券投资基金,399439.SZ,国证油气,20260330,20260409,L,SZ,平安基金,华泰证券股份有限公司,0.5,纯境内,2026-04-09,energy
159019.SZ,华宝国证石油天然气ETF,华宝国证石油天然气ETF,华宝国证石油天然气交易型开放式指数证券投资基金,399439.SZ,国证油气,20260415,20260423,L,SZ,华宝基金,金融街证券股份有限公司,0.5,纯境内,2026-04-23,energy
159026.SZ,南方国证石油天然气ETF,南方国证石油天然气ETF,南方国证石油天然气交易型开放式指数证券投资基金,399439.SZ,国证油气,20260416,20260424,L,SZ,南方基金,招商银行股份有限公司,0.15,纯境内,2026-04-24,energy
159018.SZ,广发国证石油天然气ETF,广发国证石油天然气ETF,广发国证石油天然气交易型开放式指数证券投资基金,399439.SZ,国证油气,20260416,20260427,L,SZ,广发基金,中信建投证券股份有限公司,0.5,纯境内,2026-04-27,energy
159017.SZ,工银瑞信国证石油天然气ETF,工银瑞信国证石油天然气ETF,工银瑞信国证石油天然气交易型开放式指数证券投资基金,399439.SZ,国证油气,20260422,20260508,L,SZ,工银瑞信基金,广发证券股份有限公司,0.5,纯境内,2026-05-08,energy
159839.SZ,汇添富国证生物医药ETF,汇添富国证生物医药ETF,汇添富国证生物医药交易型开放式指数证券投资基金,399441.SZ,国证生物医药,20210201,20210222,L,SZ,汇添富基金,招商银行股份有限公司,0.5,纯境内,2021-02-22,healthcare
159859.SZ,天弘国证生物医药ETF,天弘国证生物医药ETF,天弘国证生物医药交易型开放式指数证券投资基金,399441.SZ,国证生物医药,20210624,20210707,L,SZ,天弘基金,中信建投证券股份有限公司,0.5,纯境内,2021-07-07,healthcare
159508.SZ,华安国证生物医药ETF,华安国证生物医药ETF,华安国证生物医药交易型开放式指数证券投资基金,399441.SZ,国证生物医药,20230629,20230714,L,SZ,华安基金,招商银行股份有限公司,0.5,纯境内,2023-07-14,healthcare
516550.SH,嘉实中证大农业ETF,嘉实中证大农业ETF,嘉实中证大农业交易型开放式指数证券投资基金,399814.SZ,中证大农业,20210330,20210408,L,SH,嘉实基金,中国银行股份有限公司,0.5,纯境内,2021-04-08,agriculture
512660.SH,国泰中证军工ETF,国泰中证军工ETF,国泰中证军工交易型开放式指数证券投资基金,399967.SZ,中证军工,20160726,20160808,L,SH,国泰基金,中国建设银行股份有限公司,0.5,纯境内,2016-08-08,defense
512810.SH,华宝中证军工ETF,华宝中证军工ETF,华宝中证军工交易型开放式指数证券投资基金,399967.SZ,中证军工,20160805,20160822,L,SH,华宝基金,中国建设银行股份有限公司,0.5,纯境内,2016-08-22,defense
512680.SH,广发中证军工ETF,广发中证军工ETF,广发中证军工交易型开放式指数证券投资基金,399967.SZ,中证军工,20160830,20161014,L,SH,广发基金,中国工商银行股份有限公司,0.5,纯境内,2016-10-14,defense
512560.SH,易方达中证军工ETF,易方达中证军工ETF,易方达中证军工交易型开放式指数证券投资基金,399967.SZ,中证军工,20170714,20170728,L,SH,易方达基金,招商银行股份有限公司,0.5,纯境内,2017-07-28,defense
512980.SH,广发中证传媒ETF,广发中证传媒ETF,广发中证传媒交易型开放式指数证券投资基金,399971.SZ,中证传媒,20171227,20180119,L,SH,广发基金,中国工商银行股份有限公司,0.5,纯境内,2018-01-19,software_media
159805.SZ,鹏华中证传媒ETF,鹏华中证传媒ETF,鹏华中证传媒交易型开放式指数证券投资基金,399971.SZ,中证传媒,20200306,20200417,L,SZ,鹏华基金,中国建设银行股份有限公司,0.5,纯境内,2020-04-17,software_media
512880.SH,国泰中证全指证券公司ETF,国泰中证全指证券公司ETF,国泰中证全指证券公司交易型开放式指数证券投资基金,399975.SZ,中证证券公司,20160726,20160808,L,SH,国泰基金,中国建设银行股份有限公司,0.5,纯境内,2016-08-08,financials
512000.SH,华宝中证全指证券公司ETF,华宝中证全指证券公司ETF,华宝中证全指证券公司交易型开放式指数证券投资基金,399975.SZ,中证证券公司,20160830,20160914,L,SH,华宝基金,中国建设银行股份有限公司,0.5,纯境内,2016-09-14,financials
512900.SH,南方中证全指证券公司ETF,南方中证全指证券公司ETF,南方中证全指证券公司交易型开放式指数证券投资基金,399975.SZ,中证证券公司,20170310,20170331,L,SH,南方基金,中国银行股份有限公司,0.5,纯境内,2017-03-31,financials
512570.SH,易方达中证全指证券公司ETF,易方达中证全指证券公司ETF,易方达中证全指证券公司交易型开放式指数证券投资基金,399975.SZ,中证证券公司,20170727,20170811,L,SH,易方达基金,招商银行股份有限公司,0.5,纯境内,2017-08-11,financials
515010.SH,华夏中证全指证券公司ETF,华夏中证全指证券公司ETF,华夏中证全指证券公司交易型开放式指数证券投资基金,399975.SZ,中证证券公司,20190917,20191107,L,SH,华夏基金,中国银行股份有限公司,0.15,纯境内,2019-11-07,financials
515850.SH,富国中证全指证券公司ETF,富国中证全指证券公司ETF,富国中证全指证券公司交易型开放式指数证券投资基金,399975.SZ,中证证券公司,20200121,20200221,L,SH,富国基金,中国建设银行股份有限公司,0.15,纯境内,2020-02-21,financials
515560.SH,建信中证全指证券公司ETF,建信中证全指证券公司ETF,建信中证全指证券公司交易型开放式指数证券投资基金,399975.SZ,中证证券公司,20200629,20200720,L,SH,建信基金,中信证券股份有限公司,0.2,纯境内,2020-07-20,financials
159841.SZ,天弘中证全指证券公司ETF,天弘中证全指证券公司ETF,天弘中证全指证券公司交易型开放式指数证券投资基金,399975.SZ,中证证券公司,20210128,20210209,L,SZ,天弘基金,国泰海通证券股份有限公司,0.5,纯境内,2021-02-09,financials
159848.SZ,国联安中证全指证券公司ETF,国联安中证全指证券公司ETF,国联安中证全指证券公司交易型开放式指数证券投资基金,399975.SZ,中证证券公司,20210209,20210312,L,SZ,国联安基金,国泰海通证券股份有限公司,0.5,纯境内,2021-03-12,financials
159842.SZ,银华中证全指证券公司ETF,银华中证全指证券公司ETF,银华中证全指证券公司交易型开放式指数证券投资基金,399975.SZ,中证证券公司,20210303,20210319,L,SZ,银华基金,招商银行股份有限公司,0.15,纯境内,2021-03-19,financials
516200.SH,华安中证全指证券公司ETF,华安中证全指证券公司ETF,华安中证全指证券公司交易型开放式指数证券投资基金,399975.SZ,中证证券公司,20210309,20210322,L,SH,华安基金,中国建设银行股份有限公司,0.5,纯境内,2021-03-22,financials
560090.SH,汇添富中证全指证券公司ETF,汇添富中证全指证券公司ETF,汇添富中证全指证券公司交易型开放式指数证券投资基金,399975.SZ,中证证券公司,20230227,20230315,L,SH,汇添富基金,中信建投证券股份有限公司,0.5,纯境内,2023-03-15,financials
562870.SH,嘉实中证全指证券公司ETF,嘉实中证全指证券公司ETF,嘉实中证全指证券公司交易型开放式指数证券投资基金,399975.SZ,中证证券公司,20250717,20250725,L,SH,嘉实基金,招商银行股份有限公司,0.15,纯境内,2025-07-25,financials
159260.SZ,博时中证全指证券公司ETF,博时中证全指证券公司ETF,博时中证全指证券公司交易型开放式指数证券投资基金,399975.SZ,中证证券公司,20251024,20251104,L,SZ,博时基金,中国银行股份有限公司,0.5,纯境内,2025-11-04,financials
560400.SH,华泰柏瑞中证全指证券公司ETF,华泰柏瑞中证全指证券公司ETF,华泰柏瑞中证全指证券公司交易型开放式指数证券投资基金,399975.SZ,中证证券公司,20260309,20260319,L,SH,华泰柏瑞基金,平安银行股份有限公司,0.5,纯境内,2026-03-19,financials
159008.SZ,景顺长城中证全指证券公司ETF,景顺长城中证全指证券公司ETF,景顺长城中证全指证券公司交易型开放式指数证券投资基金,399975.SZ,中证证券公司,20260415,20260428,L,SZ,景顺长城基金,国信证券股份有限公司,0.5,纯境内,2026-04-28,financials
512700.SH,南方中证银行ETF,南方中证银行ETF,南方中证银行交易型开放式指数证券投资基金,399986.SZ,中证银行,20170628,20170726,L,SH,南方基金,中国工商银行股份有限公司,0.5,纯境内,2017-07-26,financials
512800.SH,华宝中证银行ETF,华宝中证银行ETF,华宝中证银行交易型开放式指数证券投资基金,399986.SZ,中证银行,20170718,20170803,L,SH,华宝基金,中国银行股份有限公司,0.5,纯境内,2017-08-03,financials
512820.SH,汇添富中证银行ETF,汇添富中证银行ETF,中证银行交易型开放式指数证券投资基金,399986.SZ,中证银行,20181023,20181123,L,SH,汇添富基金,招商银行股份有限公司,0.5,纯境内,2018-11-23,financials
515020.SH,华夏中证银行ETF,华夏中证银行ETF,华夏中证银行交易型开放式指数证券投资基金,399986.SZ,中证银行,20191024,20191203,L,SH,华夏基金,中国银行股份有限公司,0.15,纯境内,2019-12-03,financials
512730.SH,鹏华中证银行ETF,鹏华中证银行ETF,鹏华中证银行交易型开放式指数证券投资基金,399986.SZ,中证银行,20191219,20200207,L,SH,鹏华基金,中国建设银行股份有限公司,0.3,纯境内,2020-02-07,financials
515290.SH,天弘中证银行ETF,天弘中证银行ETF,天弘中证银行交易型开放式指数证券投资基金,399986.SZ,中证银行,20201211,20201228,L,SH,天弘基金,招商证券股份有限公司,0.5,纯境内,2020-12-28,financials
516310.SH,易方达中证银行ETF,易方达中证银行ETF,易方达中证银行交易型开放式指数证券投资基金,399986.SZ,中证银行,20210520,20210528,L,SH,易方达基金,中国建设银行股份有限公司,0.15,纯境内,2021-05-28,financials
516210.SH,华安中证银行ETF,华安中证银行ETF,华安中证银行交易型开放式指数证券投资基金,399986.SZ,中证银行,20210903,20210924,L,SH,华安基金,中国银行股份有限公司,0.5,纯境内,2021-09-24,financials
159253.SZ,博时中证银行ETF,博时中证银行ETF,博时中证银行交易型开放式指数证券投资基金,399986.SZ,中证银行,20251127,20251208,L,SZ,博时基金,中国建设银行股份有限公司,0.5,纯境内,2025-12-08,financials
560670.SH,华泰柏瑞中证银行ETF,华泰柏瑞中证银行ETF,华泰柏瑞中证银行交易型开放式指数证券投资基金,399986.SZ,中证银行,20260522,20260608,L,SH,华泰柏瑞基金,兴业银行股份有限公司,0.5,纯境内,2026-06-08,financials
512410.SH,广发中证银行ETF,广发中证银行ETF,广发中证银行交易型开放式指数证券投资基金,399986.SZ,中证银行,20260630,20260708,L,SH,广发基金,中国工商银行股份有限公司,0.5,纯境内,2026-07-08,financials
512170.SH,华宝中证医疗ETF,华宝中证医疗ETF,华宝中证医疗交易型开放式指数证券投资基金,399989.SZ,中证医疗,20190520,20190617,L,SH,华宝基金,中国银行股份有限公司,0.5,纯境内,2019-06-17,healthcare
159828.SZ,国泰中证医疗ETF,国泰中证医疗ETF,国泰中证医疗交易型开放式指数证券投资基金,399989.SZ,中证医疗,20201224,20210112,L,SZ,国泰基金,华夏银行股份有限公司,0.5,纯境内,2021-01-12,healthcare
159847.SZ,易方达中证医疗ETF,易方达中证医疗ETF,易方达中证医疗交易型开放式指数证券投资基金,399989.SZ,中证医疗,20210708,20210719,L,SZ,易方达基金,招商银行股份有限公司,0.15,纯境内,2021-07-19,healthcare
560260.SH,广发中证医疗ETF,广发中证医疗ETF,广发中证医疗交易型开放式指数证券投资基金,399989.SZ,中证医疗,20230906,20230915,L,SH,广发基金,北京银行股份有限公司,0.5,纯境内,2023-09-15,healthcare
516970.SH,广发中证基建工程ETF,广发中证基建工程ETF,广发中证基建工程交易型开放式指数证券投资基金,399995.SZ,中证基建工程,20210623,20210705,L,SH,广发基金,交通银行股份有限公司,0.5,纯境内,2021-07-05,real_estate_infra
515220.SH,国泰中证煤炭ETF,国泰中证煤炭ETF,国泰中证煤炭交易型开放式指数证券投资基金,399998.SZ,中证煤炭,20200120,20200302,L,SH,国泰基金,中国工商银行股份有限公司,0.5,纯境内,2020-03-02,energy
516780.SH,华泰柏瑞中证稀土产业ETF,华泰柏瑞中证稀土产业ETF,华泰柏瑞中证稀土产业交易型开放式指数证券投资基金,930598.CSI,中证稀土产业,20210226,20210308,L,SH,华泰柏瑞基金,中国银河证券股份有限公司,0.5,纯境内,2021-03-08,materials
516150.SH,嘉实中证稀土产业ETF,嘉实中证稀土产业ETF,嘉实中证稀土产业交易型开放式指数证券投资基金,930598.CSI,中证稀土产业,20210309,20210317,L,SH,嘉实基金,中国建设银行股份有限公司,0.5,纯境内,2021-03-17,materials
159713.SZ,富国中证稀土产业ETF,富国中证稀土产业ETF,富国中证稀土产业交易型开放式指数证券投资基金,930598.CSI,中证稀土产业,20210805,20210816,L,SZ,富国基金,招商银行股份有限公司,0.5,纯境内,2021-08-16,materials
159715.SZ,易方达中证稀土产业ETF,易方达中证稀土产业ETF,易方达中证稀土产业交易型开放式指数证券投资基金,930598.CSI,中证稀土产业,20210901,20210910,L,SZ,易方达基金,中国建设银行股份有限公司,0.15,纯境内,2021-09-10,materials
159852.SZ,嘉实中证软件服务ETF,嘉实中证软件服务ETF,嘉实中证软件服务交易型开放式指数证券投资基金,930601.CSI,中证软件,20210129,20210209,L,SZ,嘉实基金,中国银行股份有限公司,0.5,纯境内,2021-02-09,software_media
562930.SH,易方达中证软件服务ETF,易方达中证软件服务ETF,易方达中证软件服务交易型开放式指数证券投资基金,930601.CSI,中证软件,20230522,20230605,L,SH,易方达基金,兴业银行股份有限公司,0.5,纯境内,2023-06-05,software_media
560360.SH,万家中证软件服务ETF,万家中证软件服务ETF,万家中证软件服务交易型开放式指数证券投资基金,930601.CSI,中证软件,20240613,20240624,L,SH,万家基金,平安银行股份有限公司,0.5,纯境内,2024-06-24,software_media
159035.SZ,天弘中证软件服务ETF,天弘中证软件服务ETF,天弘中证软件服务交易型开放式指数证券投资基金,930601.CSI,中证软件,20260506,20260515,L,SZ,天弘基金,招商银行股份有限公司,0.4,纯境内,2026-05-15,software_media
560790.SH,鹏华中证软件服务ETF,鹏华中证软件服务ETF,鹏华中证软件服务交易型开放式指数证券投资基金,930601.CSI,中证软件,20260514,20260525,L,SH,鹏华基金,青岛银行股份有限公司,0.5,纯境内,2026-05-25,software_media
515210.SH,国泰中证钢铁ETF,国泰中证钢铁ETF,国泰中证钢铁交易型开放式指数证券投资基金,930606.CSI,中证钢铁,20200122,20200302,L,SH,国泰基金,招商银行股份有限公司,0.5,纯境内,2020-03-02,materials
516950.SH,银华中证基建ETF,银华中证基建ETF,银华中证基建交易型开放式指数证券投资基金,930608.CSI,中证基建,20210429,20210514,L,SH,银华基金,招商银行股份有限公司,0.5,纯境内,2021-05-14,real_estate_infra
159619.SZ,国泰中证基建ETF,国泰中证基建ETF,国泰中证基建交易型开放式指数证券投资基金,930608.CSI,中证基建,20220209,20220218,L,SZ,国泰基金,中信建投证券股份有限公司,0.5,纯境内,2022-02-18,real_estate_infra
159635.SZ,华夏中证基建ETF,华夏中证基建ETF,华夏中证基建交易型开放式指数证券投资基金,930608.CSI,中证基建,20220628,20220712,L,SZ,华夏基金,中国工商银行股份有限公司,0.5,纯境内,2022-07-12,real_estate_infra
159856.SZ,工银瑞信中证沪港深互联网ETF,工银瑞信中证沪港深互联网ETF,工银瑞信中证沪港深互联网交易型开放式指数证券投资基金,930625.CSI,中证SHS互联网,20210122,20210201,L,SZ,工银瑞信基金,国信证券股份有限公司,0.45,纯境内,2021-02-01,software_media
517050.SH,华泰柏瑞中证沪港深互联网ETF,华泰柏瑞中证沪港深互联网ETF,华泰柏瑞中证沪港深互联网交易型开放式指数证券投资基金,930625.CSI,中证SHS互联网,20210125,20210208,L,SH,华泰柏瑞基金,中信建投证券股份有限公司,0.5,纯境内,2021-02-08,software_media
517200.SH,嘉实中证沪港深互联网ETF,嘉实中证沪港深互联网ETF,嘉实中证沪港深互联网交易型开放式指数证券投资基金,930625.CSI,中证SHS互联网,20210125,20210208,L,SH,嘉实基金,中国建设银行股份有限公司,0.5,纯境内,2021-02-08,software_media
159729.SZ,汇添富中证沪港深互联网ETF,汇添富中证沪港深互联网ETF,汇添富中证沪港深互联网交易型开放式指数证券投资基金,930625.CSI,中证SHS互联网,20210708,20210721,L,SZ,汇添富基金,中国农业银行股份有限公司,0.15,纯境内,2021-07-21,software_media
159550.SZ,东财中证沪港深互联网ETF,东财中证沪港深互联网ETF,东财中证沪港深互联网交易型开放式指数证券投资基金,930625.CSI,中证SHS互联网,20250618,20250627,L,SZ,东财基金,广发证券股份有限公司,0.5,纯境内,2025-06-27,software_media
159766.SZ,富国中证旅游主题ETF,富国中证旅游主题ETF,富国中证旅游主题交易型开放式指数证券投资基金,930633.CSI,中证旅游,20210715,20210723,L,SZ,富国基金,中国银行股份有限公司,0.5,纯境内,2021-07-23,consumer
562510.SH,华夏中证旅游主题ETF,华夏中证旅游主题ETF,华夏中证旅游主题交易型开放式指数证券投资基金,930633.CSI,中证旅游,20211221,20211230,L,SH,华夏基金,中国银行股份有限公司,0.5,纯境内,2021-12-30,consumer
515920.SH,博时中证智能消费主题ETF,博时中证智能消费主题ETF,博时中证智能消费主题交易型开放式指数证券投资基金,930648.CSI,中证CS智消费,20201230,20210120,L,SH,博时基金,申万宏源证券有限公司,0.5,纯境内,2021-01-20,consumer
512720.SH,国泰中证计算机主题ETF,国泰中证计算机主题ETF,国泰中证计算机主题交易型开放式指数证券投资基金,930651.CSI,中证CS计算机,20190711,20190816,L,SH,国泰基金,中国农业银行股份有限公司,0.5,纯境内,2019-08-16,other_theme
159998.SZ,天弘中证计算机主题ETF,天弘中证计算机主题ETF,天弘中证计算机主题交易型开放式指数证券投资基金,930651.CSI,中证CS计算机,20200320,20200413,L,SZ,天弘基金,中信证券股份有限公司,0.5,纯境内,2020-04-13,other_theme
159997.SZ,天弘中证电子ETF,天弘中证电子ETF,天弘中证电子交易型开放式指数证券投资基金,930652.CSI,中证CS电子,20200227,20200320,L,SZ,天弘基金,国泰海通证券股份有限公司,0.5,纯境内,2020-03-20,electronics_communication
159736.SZ,天弘中证食品饮料ETF,天弘中证食品饮料ETF,天弘中证食品饮料交易型开放式指数证券投资基金,930653.CSI,中证CS食品饮,20210909,20210927,L,SZ,天弘基金,中信证券股份有限公司,0.5,纯境内,2021-09-27,consumer
159876.SZ,华宝中证有色金属ETF,华宝中证有色金属ETF,华宝中证有色金属交易型开放式指数证券投资基金,930708.CSI,中证有色,20210312,20210324,L,SZ,华宝基金,招商银行股份有限公司,0.5,纯境内,2021-03-24,materials
159871.SZ,银华中证有色金属ETF,银华中证有色金属ETF,银华中证有色金属交易型开放式指数证券投资基金,930708.CSI,中证有色,20210310,20210331,L,SZ,银华基金,中国建设银行股份有限公司,0.15,纯境内,2021-03-31,materials
159881.SZ,国泰中证有色金属ETF,国泰中证有色金属ETF,国泰中证有色金属交易型开放式指数证券投资基金,930708.CSI,中证有色,20210617,20210701,L,SZ,国泰基金,平安银行股份有限公司,0.5,纯境内,2021-07-01,materials
513090.SH,易方达中证香港证券投资主题ETF,易方达中证香港证券投资主题ETF,易方达中证香港证券投资主题交易型开放式指数证券投资基金,930709.CSI,中证香港证券,20200313,20200326,L,SH,易方达基金,招商银行股份有限公司,0.15,纯境内,2020-03-26,financials
516910.SH,富国中证现代物流ETF,富国中证现代物流ETF,富国中证现代物流交易型开放式指数证券投资基金,930716.CSI,中证CS物流,20210603,20210611,L,SH,富国基金,兴业银行股份有限公司,0.5,纯境内,2021-06-11,transportation
516530.SH,银华中证现代物流ETF,银华中证现代物流ETF,银华中证现代物流交易型开放式指数证券投资基金,930716.CSI,中证CS物流,20220104,20220117,L,SH,银华基金,招商银行股份有限公司,0.5,纯境内,2022-01-17,transportation
515250.SH,富国中证智能汽车主题ETF,富国中证智能汽车主题ETF,富国中证智能汽车主题交易型开放式指数证券投资基金,930721.CSI,中证CS智汽车,20201224,20210108,L,SH,富国基金,中信建投证券股份有限公司,0.5,纯境内,2021-01-08,automotive
516520.SH,华泰柏瑞中证智能汽车主题ETF,华泰柏瑞中证智能汽车主题ETF,华泰柏瑞中证智能汽车主题交易型开放式指数证券投资基金,930721.CSI,中证CS智汽车,20210209,20210301,L,SH,华泰柏瑞基金,申万宏源证券有限公司,0.5,纯境内,2021-03-01,automotive
159888.SZ,华夏中证智能汽车主题ETF,华夏中证智能汽车主题ETF,华夏中证智能汽车主题交易型开放式指数证券投资基金,930721.CSI,中证CS智汽车,20210513,20210521,L,SZ,华夏基金,中信银行股份有限公司,0.5,纯境内,2021-05-21,automotive
159889.SZ,国泰中证智能汽车主题ETF,国泰中证智能汽车主题ETF,国泰中证智能汽车主题交易型开放式指数证券投资基金,930721.CSI,中证CS智汽车,20210901,20210909,L,SZ,国泰基金,中信建投证券股份有限公司,0.5,纯境内,2021-09-09,automotive
159795.SZ,汇添富中证智能汽车主题ETF,汇添富中证智能汽车主题ETF,汇添富中证智能汽车主题交易型开放式指数证券投资基金,930721.CSI,中证CS智汽车,20220127,20220214,L,SZ,汇添富基金,平安银行股份有限公司,0.15,纯境内,2022-02-14,automotive
159890.SZ,招商中证云计算与大数据主题ETF,招商中证云计算与大数据主题ETF,招商中证云计算与大数据主题交易型开放式指数证券投资基金,930851.CSI,中证云计算,20210325,20210402,L,SZ,招商基金,中信证券股份有限公司,0.15,纯境内,2021-04-02,software_media
516510.SH,易方达中证云计算与大数据主题ETF,易方达中证云计算与大数据主题ETF,易方达中证云计算与大数据主题交易型开放式指数证券投资基金,930851.CSI,中证云计算,20210329,20210407,L,SH,易方达基金,招商银行股份有限公司,0.15,纯境内,2021-04-07,software_media
516630.SH,华夏中证云计算与大数据主题ETF,华夏中证云计算与大数据主题ETF,华夏中证云计算与大数据主题交易型开放式指数证券投资基金,930851.CSI,中证云计算,20210824,20210903,L,SH,华夏基金,中国银行股份有限公司,0.15,纯境内,2021-09-03,software_media
159739.SZ,鹏华中证云计算与大数据主题ETF,鹏华中证云计算与大数据主题ETF,鹏华中证云计算与大数据主题交易型开放式指数证券投资基金,930851.CSI,中证云计算,20211103,20211117,L,SZ,鹏华基金,中信证券股份有限公司,0.5,纯境内,2021-11-17,software_media
159527.SZ,广发中证云计算与大数据主题ETF,广发中证云计算与大数据主题ETF,广发中证云计算与大数据主题交易型开放式指数证券投资基金,930851.CSI,中证云计算,20240122,20240201,L,SZ,广发基金,中国建设银行股份有限公司,0.5,纯境内,2024-02-01,software_media
159869.SZ,华夏中证动漫游戏ETF,华夏中证动漫游戏ETF,华夏中证动漫游戏交易型开放式指数证券投资基金,930901.CSI,中证动漫游戏,20210225,20210305,L,SZ,华夏基金,中国民生银行股份有限公司,0.5,纯境内,2021-03-05,software_media
516010.SH,国泰中证动漫游戏ETF,国泰中证动漫游戏ETF,国泰中证动漫游戏交易型开放式指数证券投资基金,930901.CSI,中证动漫游戏,20210225,20210305,L,SH,国泰基金,上海浦东发展银行股份有限公司,0.5,纯境内,2021-03-05,software_media
516770.SH,华泰柏瑞中证动漫游戏ETF,华泰柏瑞中证动漫游戏ETF,华泰柏瑞中证动漫游戏交易型开放式指数证券投资基金,930901.CSI,中证动漫游戏,20210225,20210305,L,SH,华泰柏瑞基金,招商银行股份有限公司,0.3,纯境内,2021-03-05,software_media
513700.SH,鹏华中证港股通医药卫生综合ETF,鹏华中证港股通医药卫生综合ETF,鹏华中证港股通医药卫生综合交易型开放式指数证券投资基金,930965.CSI,港股通医药C,20210713,20210806,L,SH,鹏华基金,广发证券股份有限公司,0.5,纯境内,2021-08-06,healthcare
159718.SZ,平安中证港股通医药卫生综合ETF,平安中证港股通医药卫生综合ETF,平安中证港股通医药卫生综合交易型开放式指数证券投资基金,930965.CSI,港股通医药C,20211216,20211228,L,SZ,平安基金,中信建投证券股份有限公司,0.5,纯境内,2021-12-28,healthcare
513200.SH,易方达中证港股通医药卫生综合ETF,易方达中证港股通医药卫生综合ETF,易方达中证港股通医药卫生综合交易型开放式指数证券投资基金,930965.CSI,港股通医药C,20220119,20220211,L,SH,易方达基金,中国光大银行股份有限公司,0.15,纯境内,2022-02-11,healthcare
159776.SZ,银华中证港股通医药卫生综合ETF,银华中证港股通医药卫生综合ETF,银华中证港股通医药卫生综合交易型开放式指数证券投资基金,930965.CSI,港股通医药C,20220307,20220325,L,SZ,银华基金,招商银行股份有限公司,0.5,纯境内,2022-03-25,healthcare
159196.SZ,易方达中证港股通信息技术综合ETF,易方达中证港股通信息技术综合ETF,易方达中证港股通信息技术综合交易型开放式指数证券投资基金,930967.CSI,港股通信息C,20260325,20260402,L,SZ,易方达基金,兴业银行股份有限公司,0.5,纯境内,2026-04-02,electronics_communication
526000.SH,华夏中证港股通信息技术综合ETF,华夏中证港股通信息技术综合ETF,华夏中证港股通信息技术综合交易型开放式指数证券投资基金,930967.CSI,港股通信息C,20260401,20260410,L,SH,华夏基金,中泰证券股份有限公司,0.5,纯境内,2026-04-10,electronics_communication
159185.SZ,鹏华中证港股通信息技术综合ETF,鹏华中证港股通信息技术综合ETF,鹏华中证港股通信息技术综合交易型开放式指数证券投资基金,930967.CSI,港股通信息C,20260415,20260424,L,SZ,鹏华基金,光大证券股份有限公司,0.5,纯境内,2026-04-24,electronics_communication
526050.SH,招商中证港股通信息技术综合ETF,招商中证港股通信息技术综合ETF,招商中证港股通信息技术综合交易型开放式指数证券投资基金,930967.CSI,港股通信息C,20260422,20260430,L,SH,招商基金,中信建投证券股份有限公司,0.5,纯境内,2026-04-30,electronics_communication
513240.SH,华安中证港股通信息技术综合ETF,华安中证港股通信息技术综合ETF,华安中证港股通信息技术综合交易型开放式指数证券投资基金,930967.CSI,港股通信息C,20260427,20260508,L,SH,华安基金,华泰证券股份有限公司,0.5,纯境内,2026-05-08,electronics_communication
520710.SH,广发中证港股通信息技术综合ETF,广发中证港股通信息技术综合ETF,广发中证港股通信息技术综合交易型开放式指数证券投资基金,930967.CSI,港股通信息C,20260521,20260601,L,SH,广发基金,中信银行股份有限公司,0.5,纯境内,2026-06-01,electronics_communication
526030.SH,汇添富中证港股通信息技术综合ETF,汇添富中证港股通信息技术综合ETF,汇添富中证港股通信息技术综合交易型开放式指数证券投资基金,930967.CSI,港股通信息C,20260617,20260626,L,SH,汇添富基金,招商银行股份有限公司,0.5,纯境内,2026-06-26,electronics_communication
520750.SH,华富中证港股通信息技术综合ETF,华富中证港股通信息技术综合ETF,华富中证港股通信息技术综合交易型开放式指数证券投资基金,930967.CSI,港股通信息C,20260701,20260710,L,SH,华富基金,中信建投证券股份有限公司,0.5,纯境内,2026-07-10,electronics_communication
159131.SZ,华宝中证港股通信息技术综合ETF,华宝中证港股通信息技术综合ETF,华宝中证港股通信息技术综合交易型开放式指数证券投资基金,930977.CSI,港股通信息CCNY,20251105,20251113,L,SZ,华宝基金,江苏银行股份有限公司,0.5,纯境内,2025-11-13,electronics_communication
159198.SZ,富国中证港股通信息技术综合ETF,富国中证港股通信息技术综合ETF,富国中证港股通信息技术综合交易型开放式指数证券投资基金,930977.CSI,港股通信息CCNY,20260325,20260403,L,SZ,富国基金,兴业银行股份有限公司,0.5,纯境内,2026-04-03,electronics_communication
515700.SH,平安中证新能源汽车产业ETF,平安中证新能源汽车产业ETF,平安中证新能源汽车产业交易型开放式指数证券投资基金,930997.CSI,中证新能源车,20191231,20200210,L,SH,平安基金,招商证券股份有限公司,0.15,纯境内,2020-02-10,battery_storage
516390.SH,汇添富中证新能源汽车产业ETF,汇添富中证新能源汽车产业ETF,汇添富中证新能源汽车产业交易型开放式指数证券投资基金,930997.CSI,中证新能源车,20210603,20210618,L,SH,汇添富基金,中国工商银行股份有限公司,0.15,纯境内,2021-06-18,battery_storage
159512.SZ,广发中证全指汽车ETF,广发中证全指汽车ETF,广发中证全指汽车交易型开放式指数证券投资基金,931008.CSI,中证汽车指数,20230713,20230725,L,SZ,广发基金,中国建设银行股份有限公司,0.5,纯境内,2023-07-25,automotive
516840.SH,南方中证全指汽车ETF,南方中证全指汽车ETF,南方中证全指汽车交易型开放式指数证券投资基金,931008.CSI,中证汽车指数,20260430,20260513,L,SH,南方基金,中国建设银行股份有限公司,0.15,纯境内,2026-05-13,automotive
159328.SZ,易方达中证家电龙头ETF,易方达中证家电龙头ETF,易方达中证家电龙头交易型开放式指数证券投资基金,931021.CSI,中证家电龙头,20241107,20241115,L,SZ,易方达基金,中国农业银行股份有限公司,0.5,纯境内,2024-11-15,consumer
159192.SZ,汇添富中证家电龙头ETF,汇添富中证家电龙头ETF,汇添富中证家电龙头交易型开放式指数证券投资基金,931021.CSI,中证家电龙头,20260422,20260430,L,SZ,汇添富基金,国金证券股份有限公司,0.5,纯境内,2026-04-30,consumer
517900.SH,招商中证银行AH价格优选ETF,招商中证银行AH价格优选ETF,招商中证银行AH价格优选交易型开放式指数证券投资基金,931039.CSI,中证银行AH,20220315,20220325,L,SH,招商基金,交通银行股份有限公司,0.5,纯境内,2022-03-25,financials
512710.SH,富国中证军工龙头ETF,富国中证军工龙头ETF,富国中证军工龙头交易型开放式指数证券投资基金,931066.CSI,中证军工龙头,20190723,20190826,L,SH,富国基金,中国建设银行股份有限公司,0.5,纯境内,2019-08-26,defense
516130.SH,华宝中证消费龙头ETF,华宝中证消费龙头ETF,华宝中证消费龙头交易型开放式指数证券投资基金,931068.CSI,中证消费龙头,20210928,20211013,L,SH,华宝基金,中国银行股份有限公司,0.5,纯境内,2021-10-13,consumer
159520.SZ,工银瑞信中证消费龙头ETF,工银瑞信中证消费龙头ETF,工银瑞信中证消费龙头交易型开放式指数证券投资基金,931068.CSI,中证消费龙头,20231019,20231031,L,SZ,工银瑞信基金,上海浦东发展银行股份有限公司,0.5,纯境内,2023-10-31,consumer
515980.SH,华富中证人工智能产业ETF,华富中证人工智能产业ETF,华富中证人工智能产业交易型开放式指数证券投资基金,931071.CSI,中证人工智能,20191224,20200210,L,SH,华富基金,招商银行股份有限公司,0.5,纯境内,2020-02-10,ai_robotics
515050.SH,华夏中证5G通信主题ETF,华夏中证5G通信主题ETF,华夏中证5G通信主题交易型开放式指数证券投资基金,931079.CSI,中证5G通信,20190917,20191016,L,SH,华夏基金,中国银行股份有限公司,0.5,纯境内,2019-10-16,electronics_communication
159994.SZ,银华中证5G通信主题ETF,银华中证5G通信主题ETF,银华中证5G通信主题交易型开放式指数证券投资基金,931079.CSI,中证5G通信,20200122,20200228,L,SZ,银华基金,中国农业银行股份有限公司,0.5,纯境内,2020-02-28,electronics_communication
515650.SH,富国中证消费50ETF,富国中证消费50ETF,富国中证消费50交易型开放式指数证券投资基金,931139.CSI,中证CS消费50,20191014,20191111,L,SH,富国基金,中信证券股份有限公司,0.5,纯境内,2019-11-11,consumer
159798.SZ,易方达中证消费50ETF,易方达中证消费50ETF,易方达中证消费50交易型开放式指数证券投资基金,931139.CSI,中证CS消费50,20220428,20220511,L,SZ,易方达基金,中国建设银行股份有限公司,0.5,纯境内,2022-05-11,consumer
159670.SZ,国联安中证消费50ETF,国联安中证消费50ETF,国联安中证消费50交易型开放式指数证券投资基金,931139.CSI,中证CS消费50,20230414,20230509,L,SZ,国联安基金,兴业银行股份有限公司,0.5,纯境内,2023-05-09,consumer
515950.SH,富国中证医药50ETF,富国中证医药50ETF,富国中证医药50交易型开放式指数证券投资基金,931140.CSI,中证医药50,20200316,20200401,L,SH,富国基金,招商银行股份有限公司,0.5,纯境内,2020-04-01,healthcare
159838.SZ,博时中证医药50ETF,博时中证医药50ETF,博时中证医药50交易型开放式指数证券投资基金,931140.CSI,中证医药50,20210722,20210730,L,SZ,博时基金,国泰海通证券股份有限公司,0.5,纯境内,2021-07-30,healthcare
515790.SH,华泰柏瑞中证光伏产业ETF,华泰柏瑞中证光伏产业ETF,华泰柏瑞中证光伏产业交易型开放式指数证券投资基金,931151.CSI,中证光伏产业,20201207,20201218,L,SH,华泰柏瑞基金,中国银行股份有限公司,0.5,纯境内,2020-12-18,solar_wind
516880.SH,银华中证光伏产业ETF,银华中证光伏产业ETF,银华中证光伏产业交易型开放式指数证券投资基金,931151.CSI,中证光伏产业,20210105,20210118,L,SH,银华基金,招商银行股份有限公司,0.5,纯境内,2021-01-18,solar_wind
159857.SZ,天弘中证光伏产业ETF,天弘中证光伏产业ETF,天弘中证光伏产业交易型开放式指数证券投资基金,931151.CSI,中证光伏产业,20210204,20210224,L,SZ,天弘基金,中信建投证券股份有限公司,0.5,纯境内,2021-02-24,solar_wind
516180.SH,平安中证光伏产业ETF,平安中证光伏产业ETF,平安中证光伏产业交易型开放式指数证券投资基金,931151.CSI,中证光伏产业,20210209,20210303,L,SH,平安基金,中信证券股份有限公司,0.5,纯境内,2021-03-03,solar_wind
159863.SZ,鹏华中证光伏产业ETF,鹏华中证光伏产业ETF,鹏华中证光伏产业交易型开放式指数证券投资基金,931151.CSI,中证光伏产业,20210222,20210311,L,SZ,鹏华基金,申万宏源证券有限公司,0.5,纯境内,2021-03-11,solar_wind
159864.SZ,国泰中证光伏产业ETF,国泰中证光伏产业ETF,国泰中证光伏产业交易型开放式指数证券投资基金,931151.CSI,中证光伏产业,20210728,20210810,L,SZ,国泰基金,华夏银行股份有限公司,0.5,纯境内,2021-08-10,solar_wind
516290.SH,汇添富中证光伏产业ETF,汇添富中证光伏产业ETF,汇添富中证光伏产业交易型开放式指数证券投资基金,931151.CSI,中证光伏产业,20210809,20210823,L,SH,汇添富基金,中国建设银行股份有限公司,0.15,纯境内,2021-08-23,solar_wind
159618.SZ,华安中证光伏产业ETF,华安中证光伏产业ETF,华安中证光伏产业交易型开放式指数证券投资基金,931151.CSI,中证光伏产业,20220408,20220422,L,SZ,华安基金,中国建设银行股份有限公司,0.5,纯境内,2022-04-22,solar_wind
159609.SZ,浦银安盛中证光伏产业ETF,浦银安盛中证光伏产业ETF,浦银安盛中证光伏产业交易型开放式指数证券投资基金,931151.CSI,中证光伏产业,20220616,20220708,L,SZ,浦银安盛基金,国泰海通证券股份有限公司,0.5,纯境内,2022-07-08,solar_wind
562970.SH,易方达中证光伏产业ETF,易方达中证光伏产业ETF,易方达中证光伏产业交易型开放式指数证券投资基金,931151.CSI,中证光伏产业,20241030,20241107,L,SH,易方达基金,华泰证券股份有限公司,0.5,纯境内,2024-11-07,solar_wind
515370.SH,华夏中证光伏产业ETF,华夏中证光伏产业ETF,华夏中证光伏产业交易型开放式指数证券投资基金,931151.CSI,中证光伏产业,20251106,20251118,L,SH,华夏基金,招商银行股份有限公司,0.4,纯境内,2025-11-18,solar_wind
159123.SZ,嘉实中证光伏产业ETF,嘉实中证光伏产业ETF,嘉实中证光伏产业交易型开放式指数证券投资基金,931151.CSI,中证光伏产业,20251119,20251127,L,SZ,嘉实基金,中国银行股份有限公司,0.5,纯境内,2025-11-27,solar_wind
516230.SH,招商中证光伏产业ETF,招商中证光伏产业ETF,招商中证光伏产业交易型开放式指数证券投资基金,931151.CSI,中证光伏产业,20260123,20260203,L,SH,招商基金,交通银行股份有限公司,0.5,纯境内,2026-02-03,solar_wind
560230.SH,富国中证光伏产业ETF,富国中证光伏产业ETF,富国中证光伏产业交易型开放式指数证券投资基金,931151.CSI,中证光伏产业,20260128,20260206,L,SH,富国基金,上海银行股份有限公司,0.5,纯境内,2026-02-06,solar_wind
560310.SH,博时中证光伏产业ETF,博时中证光伏产业ETF,博时中证光伏产业交易型开放式指数证券投资基金,931151.CSI,中证光伏产业,20260211,20260302,L,SH,博时基金,上海浦东发展银行股份有限公司,0.5,纯境内,2026-03-02,solar_wind
159992.SZ,银华中证创新药产业ETF,银华中证创新药产业ETF,银华中证创新药产业交易型开放式指数证券投资基金,931152.CSI,中证CS创新药,20200320,20200410,L,SZ,银华基金,上海银行股份有限公司,0.5,纯境内,2020-04-10,healthcare
515120.SH,广发中证创新药产业ETF,广发中证创新药产业ETF,广发中证创新药产业交易型开放式指数证券投资基金,931152.CSI,中证CS创新药,20201203,20210104,L,SH,广发基金,中国银行股份有限公司,0.5,纯境内,2021-01-04,healthcare
516080.SH,易方达中证创新药产业ETF,易方达中证创新药产业ETF,易方达中证创新药产业交易型开放式指数证券投资基金,931152.CSI,中证CS创新药,20210203,20210223,L,SH,易方达基金,中国银行股份有限公司,0.15,纯境内,2021-02-23,healthcare
516060.SH,工银瑞信中证创新药产业ETF,工银瑞信中证创新药产业ETF,工银瑞信中证创新药产业交易型开放式指数证券投资基金,931152.CSI,中证CS创新药,20210209,20210301,L,SH,工银瑞信基金,申万宏源证券有限公司,0.45,纯境内,2021-03-01,healthcare
159858.SZ,南方中证创新药产业ETF,南方中证创新药产业ETF,南方中证创新药产业交易型开放式指数证券投资基金,931152.CSI,中证CS创新药,20210312,20210325,L,SZ,南方基金,招商银行股份有限公司,0.15,纯境内,2021-03-25,healthcare
159835.SZ,建信中证创新药产业ETF,建信中证创新药产业ETF,建信中证创新药产业交易型开放式指数证券投资基金,931152.CSI,中证CS创新药,20210311,20210329,L,SZ,建信基金,中信证券股份有限公司,0.5,纯境内,2021-03-29,healthcare
560900.SH,摩根中证创新药产业ETF,摩根中证创新药产业ETF,摩根中证创新药产业交易型开放式指数证券投资基金,931152.CSI,中证CS创新药,20220519,20220602,L,SH,摩根资产管理,中信建投证券股份有限公司,0.3,纯境内,2022-06-02,healthcare
515880.SH,国泰中证全指通信设备ETF,国泰中证全指通信设备ETF,国泰中证全指通信设备交易型开放式指数证券投资基金,931160.CSI,中证通信设备,20190816,20190906,L,SH,国泰基金,中国工商银行股份有限公司,0.5,纯境内,2019-09-06,electronics_communication
515960.SH,嘉实中证医药健康100策略ETF,嘉实中证医药健康100策略ETF,嘉实中证医药健康100策略交易型开放式指数证券投资基金,931166.CSI,中证医药健康100,20200424,20200610,L,SH,嘉实基金,中国银行股份有限公司,0.5,纯境内,2020-06-10,healthcare
159565.SZ,易方达中证汽车零部件主题ETF,易方达中证汽车零部件主题ETF,易方达中证汽车零部件主题交易型开放式指数证券投资基金,931230.CSI,汽车零部件,20240208,20240226,L,SZ,易方达基金,招商银行股份有限公司,0.5,纯境内,2024-02-26,automotive
159306.SZ,平安中证汽车零部件主题ETF,平安中证汽车零部件主题ETF,平安中证汽车零部件主题交易型开放式指数证券投资基金,931230.CSI,汽车零部件,20240429,20240514,L,SZ,平安基金,中国工商银行股份有限公司,0.5,纯境内,2024-05-14,automotive
562700.SH,华夏中证汽车零部件主题ETF,华夏中证汽车零部件主题ETF,华夏中证汽车零部件主题交易型开放式指数证券投资基金,931230.CSI,汽车零部件,20240506,20240514,L,SH,华夏基金,浙商银行股份有限公司,0.5,纯境内,2024-05-14,automotive
517520.SH,永赢中证沪深港黄金产业股票ETF,永赢中证沪深港黄金产业股票ETF,永赢中证沪深港黄金产业股票交易型开放式指数证券投资基金,931238.CSI,SSH黄金股票,20231024,20231101,L,SH,永赢基金,中国农业银行股份有限公司,0.5,纯境内,2023-11-01,materials
159562.SZ,华夏中证沪深港黄金产业股票ETF,华夏中证沪深港黄金产业股票ETF,华夏中证沪深港黄金产业股票交易型开放式指数证券投资基金,931238.CSI,SSH黄金股票,20240111,20240122,L,SZ,华夏基金,中国工商银行股份有限公司,0.15,纯境内,2024-01-22,materials
517400.SH,国泰中证沪深港黄金产业股票ETF,国泰中证沪深港黄金产业股票ETF,国泰中证沪深港黄金产业股票交易型开放式指数证券投资基金,931238.CSI,SSH黄金股票,20240424,20240508,L,SH,国泰基金,中信证券股份有限公司,0.5,纯境内,2024-05-08,materials
159321.SZ,华安中证沪深港黄金产业股票ETF,华安中证沪深港黄金产业股票ETF,华安中证沪深港黄金产业股票交易型开放式指数证券投资基金,931238.CSI,SSH黄金股票,20240509,20240527,L,SZ,华安基金,华泰证券股份有限公司,0.5,纯境内,2024-05-27,materials
159315.SZ,工银瑞信中证沪深港黄金产业股票ETF,工银瑞信中证沪深港黄金产业股票ETF,工银瑞信中证沪深港黄金产业股票交易型开放式指数证券投资基金,931238.CSI,SSH黄金股票,20240530,20240614,L,SZ,工银瑞信基金,中国银河证券股份有限公司,0.45,纯境内,2024-06-14,materials
159322.SZ,平安中证沪深港黄金产业股票ETF,平安中证沪深港黄金产业股票ETF,平安中证沪深港黄金产业股票交易型开放式指数证券投资基金,931238.CSI,SSH黄金股票,20240605,20240614,L,SZ,平安基金,中国邮政储蓄银行股份有限公司,0.5,纯境内,2024-06-14,materials
520600.SH,广发中证港股通汽车产业主题ETF,广发中证港股通汽车产业主题ETF,广发中证港股通汽车产业主题交易型开放式指数证券投资基金,931239.CSI,港股通汽车,20241219,20241230,L,SH,广发基金,招商银行股份有限公司,0.5,纯境内,2024-12-30,automotive
159323.SZ,华夏中证港股通汽车产业主题ETF,华夏中证港股通汽车产业主题ETF,华夏中证港股通汽车产业主题交易型开放式指数证券投资基金,931239.CSI,港股通汽车,20241230,20250108,L,SZ,华夏基金,国信证券股份有限公司,0.5,纯境内,2025-01-08,automotive
159210.SZ,汇添富中证港股通汽车产业主题ETF,汇添富中证港股通汽车产业主题ETF,汇添富中证港股通汽车产业主题交易型开放式指数证券投资基金,931239.CSI,港股通汽车,20250522,20250604,L,SZ,汇添富基金,国投证券股份有限公司,0.5,纯境内,2025-06-04,automotive
159237.SZ,工银瑞信中证港股通汽车产业主题ETF,工银瑞信中证港股通汽车产业主题ETF,工银瑞信中证港股通汽车产业主题交易型开放式指数证券投资基金,931239.CSI,港股通汽车,20250625,20250707,L,SZ,工银瑞信基金,中信证券股份有限公司,0.45,纯境内,2025-07-07,automotive
520720.SH,国泰中证港股通汽车产业主题ETF,国泰中证港股通汽车产业主题ETF,国泰中证港股通汽车产业主题交易型开放式指数证券投资基金,931239.CSI,港股通汽车,20250917,20250925,L,SH,国泰基金,宁波银行股份有限公司,0.5,纯境内,2025-09-25,automotive
520780.SH,华宝中证港股通汽车产业主题ETF,华宝中证港股通汽车产业主题ETF,华宝中证港股通汽车产业主题交易型开放式指数证券投资基金,931239.CSI,港股通汽车,20251205,20251229,L,SH,华宝基金,东方财富证券股份有限公司,0.5,纯境内,2025-12-29,automotive
520680.SH,南方中证港股通汽车产业主题ETF,南方中证港股通汽车产业主题ETF,南方中证港股通汽车产业主题交易型开放式指数证券投资基金,931239.CSI,港股通汽车,20260318,20260326,L,SH,南方基金,招商银行股份有限公司,0.4,纯境内,2026-03-26,automotive
515730.SH,永赢中证家居家电ETF,永赢中证家居家电ETF,永赢中证家居家电交易型开放式指数证券投资基金,931241.CSI,中证家居家电,20251114,20251125,L,SH,永赢基金,中信证券股份有限公司,0.5,纯境内,2025-11-25,consumer
512430.SH,华泰柏瑞中证家居家电ETF,华泰柏瑞中证家居家电ETF,华泰柏瑞中证家居家电交易型开放式指数证券投资基金,931241.CSI,中证家居家电,20260422,20260430,L,SH,华泰柏瑞基金,招商银行股份有限公司,0.5,纯境内,2026-04-30,consumer
561760.SH,博时中证油气资源ETF,博时中证油气资源ETF,博时中证油气资源交易型开放式指数证券投资基金,931248.CSI,中证油气资源,20240419,20240429,L,SH,博时基金,国信证券股份有限公司,0.5,纯境内,2024-04-29,energy
563150.SH,银华中证油气资源ETF,银华中证油气资源ETF,银华中证油气资源交易型开放式指数证券投资基金,931248.CSI,中证油气资源,20240522,20240530,L,SH,银华基金,广发证券股份有限公司,0.15,纯境内,2024-05-30,energy
159309.SZ,汇添富中证油气资源ETF,汇添富中证油气资源ETF,汇添富中证油气资源交易型开放式指数证券投资基金,931248.CSI,中证油气资源,20240531,20240618,L,SZ,汇添富基金,交通银行股份有限公司,0.5,纯境内,2024-06-18,energy
520700.SH,万家中证港股通创新药ETF,万家中证港股通创新药ETF,万家中证港股通创新药交易型开放式指数证券投资基金,931250.CSI,港股通创新药,20240913,20241014,L,SH,万家基金,中国工商银行股份有限公司,0.5,纯境内,2024-10-14,healthcare
513780.SH,景顺长城中证港股通创新药ETF,景顺长城中证港股通创新药ETF,景顺长城中证港股通创新药交易型开放式指数证券投资基金,931250.CSI,港股通创新药,20241016,20241025,L,SH,景顺长城基金,国投证券股份有限公司,0.5,纯境内,2024-10-25,healthcare
520970.SH,嘉实中证港股通创新药ETF,嘉实中证港股通创新药ETF,嘉实中证港股通创新药交易型开放式指数证券投资基金,931250.CSI,港股通创新药,20250730,20250807,L,SH,嘉实基金,中国建设银行股份有限公司,0.5,纯境内,2025-08-07,healthcare
159583.SZ,富国中证通信设备主题ETF,富国中证通信设备主题ETF,富国中证通信设备主题交易型开放式指数证券投资基金,931271.CSI,通信设备主题,20240628,20240708,L,SZ,富国基金,华泰证券股份有限公司,0.5,纯境内,2024-07-08,electronics_communication
516980.SH,华富中证证券公司先锋策略ETF,华富中证证券公司先锋策略ETF,华富中证证券公司先锋策略交易型开放式指数证券投资基金,931402.CSI,中证证券先锋,20210615,20210624,L,SH,华富基金,中国银行股份有限公司,0.5,纯境内,2021-06-24,financials
517880.SH,华泰柏瑞中证沪港深品牌消费50ETF,华泰柏瑞中证沪港深品牌消费50ETF,华泰柏瑞中证沪港深品牌消费50交易型开放式指数证券投资基金,931404.CSI,中证SHS品牌消费50,20211117,20211201,L,SH,华泰柏瑞基金,中国民生银行股份有限公司,0.3,纯境内,2021-12-01,consumer
159811.SZ,博时中证5G产业50ETF,博时中证5G产业50ETF,博时中证5G产业50交易型开放式指数证券投资基金,931406.CSI,中证5G 50,20200327,20200422,L,SZ,博时基金,中信建投证券股份有限公司,0.45,纯境内,2020-04-22,electronics_communication
517120.SH,华泰柏瑞中证沪港深创新药产业ETF,华泰柏瑞中证沪港深创新药产业ETF,华泰柏瑞中证沪港深创新药产业交易型开放式指数证券投资基金,931409.CSI,中证SHS创新药,20210708,20210719,L,SH,华泰柏瑞基金,上海浦东发展银行股份有限公司,0.5,纯境内,2021-07-19,healthcare
517110.SH,国泰中证沪港深创新药产业ETF,国泰中证沪港深创新药产业ETF,国泰中证沪港深创新药产业交易型开放式指数证券投资基金,931409.CSI,中证SHS创新药,20210908,20210930,L,SH,国泰基金,招商银行股份有限公司,0.5,纯境内,2021-09-30,healthcare
159748.SZ,富国中证沪港深创新药产业ETF,富国中证沪港深创新药产业ETF,富国中证沪港深创新药产业交易型开放式指数证券投资基金,931409.CSI,中证SHS创新药,20211124,20211203,L,SZ,富国基金,招商银行股份有限公司,0.5,纯境内,2021-12-03,healthcare
159622.SZ,东财中证沪港深创新药产业ETF,东财中证沪港深创新药产业ETF,东财中证沪港深创新药产业交易型开放式指数证券投资基金,931409.CSI,中证SHS创新药,20230421,20230509,L,SZ,东财基金,广发证券股份有限公司,0.5,纯境内,2023-05-09,healthcare
516730.SH,浦银安盛中证证券公司30ETF,浦银安盛中证证券公司30ETF,浦银安盛中证证券公司30交易型开放式指数证券投资基金,931412.CSI,中证证券公司30,20211104,20211112,L,SH,浦银安盛基金,招商银行股份有限公司,0.5,纯境内,2021-11-12,financials
159692.SZ,东财中证证券公司30ETF,东财中证证券公司30ETF,东财中证证券公司30交易型开放式指数证券投资基金,931412.CSI,中证证券公司30,20230505,20230523,L,SZ,东财基金,国信证券股份有限公司,0.5,纯境内,2023-05-23,financials
159016.SZ,广发中证证券公司30ETF,广发中证证券公司30ETF,广发中证证券公司30交易型开放式指数证券投资基金,931412.CSI,中证证券公司30,20260430,20260514,L,SZ,广发基金,招商银行股份有限公司,0.5,纯境内,2026-05-14,financials
159735.SZ,银华中证港股通消费主题ETF,银华中证港股通消费主题ETF,银华中证港股通消费主题交易型开放式指数证券投资基金,931454.CSI,港股通消费,20210525,20210604,L,SZ,银华基金,中国工商银行股份有限公司,0.15,纯境内,2021-06-04,consumer
513590.SH,鹏华中证港股通消费主题ETF,鹏华中证港股通消费主题ETF,鹏华中证港股通消费主题交易型开放式指数证券投资基金,931454.CSI,港股通消费,20210803,20210819,L,SH,鹏华基金,华泰证券股份有限公司,0.5,纯境内,2021-08-19,consumer
513230.SH,华夏中证港股通消费主题ETF,华夏中证港股通消费主题ETF,华夏中证港股通消费主题交易型开放式指数证券投资基金,931454.CSI,港股通消费,20220112,20220124,L,SH,华夏基金,交通银行股份有限公司,0.5,纯境内,2022-01-24,consumer
513070.SH,易方达中证港股通消费主题ETF,易方达中证港股通消费主题ETF,易方达中证港股通消费主题交易型开放式指数证券投资基金,931454.CSI,港股通消费,20220314,20220324,L,SH,易方达基金,招商银行股份有限公司,0.15,纯境内,2022-03-24,consumer
515260.SH,华宝中证电子50ETF,华宝中证电子50ETF,华宝中证电子50交易型开放式指数证券投资基金,931461.CSI,中证电子50,20200717,20200731,L,SH,华宝基金,中国建设银行股份有限公司,0.5,纯境内,2020-07-31,electronics_communication
515320.SH,华安中证电子50ETF,华安中证电子50ETF,华安中证电子50交易型开放式指数证券投资基金,931461.CSI,中证电子50,20201125,20210108,L,SH,华安基金,中国银行股份有限公司,0.5,纯境内,2021-01-08,electronics_communication
560660.SH,新华中证云计算50ETF,新华中证云计算50ETF,新华中证云计算50交易型开放式指数证券投资基金,931469.CSI,中证云计算50,20210805,20210825,L,SH,新华基金,招商证券股份有限公司,0.5,纯境内,2021-08-25,software_media
517390.SH,天弘中证沪港深云计算产业ETF,天弘中证沪港深云计算产业ETF,天弘中证沪港深云计算产业交易型开放式指数证券投资基金,931470.CSI,中证SHS云计算,20211210,20211223,L,SH,天弘基金,国泰海通证券股份有限公司,0.5,纯境内,2021-12-23,software_media
159738.SZ,华泰柏瑞中证沪港深云计算产业ETF,华泰柏瑞中证沪港深云计算产业ETF,华泰柏瑞中证沪港深云计算产业交易型开放式指数证券投资基金,931470.CSI,中证SHS云计算,20220118,20220128,L,SZ,华泰柏瑞基金,中国建设银行股份有限公司,0.5,纯境内,2022-01-28,software_media
159273.SZ,汇添富中证沪港深云计算产业ETF,汇添富中证沪港深云计算产业ETF,汇添富中证沪港深云计算产业交易型开放式指数证券投资基金,931470.CSI,中证SHS云计算,20250728,20250806,L,SZ,汇添富基金,招商银行股份有限公司,0.5,纯境内,2025-08-06,software_media
517130.SH,嘉实中证沪港深云计算产业ETF,嘉实中证沪港深云计算产业ETF,嘉实中证沪港深云计算产业交易型开放式指数证券投资基金,931470.CSI,中证SHS云计算,20260521,20260601,L,SH,嘉实基金,中国建设银行股份有限公司,0.5,纯境内,2026-06-01,software_media
159725.SZ,工银瑞信中证线上消费主题ETF,工银瑞信中证线上消费主题ETF,工银瑞信中证线上消费主题交易型开放式指数证券投资基金,931480.CSI,中证线上消费,20210611,20210702,L,SZ,工银瑞信基金,中信建投证券股份有限公司,0.45,纯境内,2021-07-02,consumer
159793.SZ,平安中证沪港深线上消费主题ETF,平安中证沪港深线上消费主题ETF,平安中证沪港深线上消费主题交易型开放式指数证券投资基金,931481.CSI,中证SHS线上消费,20211109,20211124,L,SZ,平安基金,中国农业银行股份有限公司,0.5,纯境内,2021-11-24,consumer
516820.SH,平安中证医药及医疗器械创新ETF,平安中证医药及医疗器械创新ETF,平安中证医药及医疗器械创新交易型开放式指数证券投资基金,931484.CSI,中证CS医药创新,20210609,20210701,L,SH,平安基金,交通银行股份有限公司,0.5,纯境内,2021-07-01,healthcare
517800.SH,方正富邦中证沪港深人工智能50ETF,方正富邦中证沪港深人工智能50ETF,方正富邦中证沪港深人工智能50交易型开放式指数证券投资基金,931487.CSI,中证SHS人工智能50,20210804,20210826,L,SH,方正富邦基金,中国工商银行股份有限公司,0.5,纯境内,2021-08-26,ai_robotics
561600.SH,平安中证消费电子主题ETF,平安中证消费电子主题ETF,平安中证消费电子主题交易型开放式指数证券投资基金,931494.CSI,中证消费电子,20210830,20210909,L,SH,平安基金,中信建投证券股份有限公司,0.5,纯境内,2021-09-09,electronics_communication
561310.SH,国泰中证消费电子主题ETF,国泰中证消费电子主题ETF,国泰中证消费电子主题交易型开放式指数证券投资基金,931494.CSI,中证消费电子,20211110,20211125,L,SH,国泰基金,中国光大银行股份有限公司,0.5,纯境内,2021-11-25,electronics_communication
159779.SZ,招商中证消费电子主题ETF,招商中证消费电子主题ETF,招商中证消费电子主题交易型开放式指数证券投资基金,931494.CSI,中证消费电子,20211118,20211126,L,SZ,招商基金,中信建投证券股份有限公司,0.5,纯境内,2021-11-26,electronics_communication
562950.SH,易方达中证消费电子主题ETF,易方达中证消费电子主题ETF,易方达中证消费电子主题交易型开放式指数证券投资基金,931494.CSI,中证消费电子,20220112,20220120,L,SH,易方达基金,上海浦东发展银行股份有限公司,0.15,纯境内,2022-01-20,electronics_communication
561100.SH,富国中证消费电子主题ETF,富国中证消费电子主题ETF,富国中证消费电子主题交易型开放式指数证券投资基金,931494.CSI,中证消费电子,20220120,20220208,L,SH,富国基金,交通银行股份有限公司,0.5,纯境内,2022-02-08,electronics_communication
517770.SH,浦银安盛中证沪港深游戏及文化传媒ETF,浦银安盛中证沪港深游戏及文化传媒ETF,浦银安盛中证沪港深游戏及文化传媒交易型开放式指数证券投资基金,931580.CSI,中证SHS游戏传媒,20211125,20211203,L,SH,浦银安盛基金,申万宏源证券有限公司,0.5,纯境内,2021-12-03,software_media
159792.SZ,富国中证港股通互联网ETF,富国中证港股通互联网ETF,富国中证港股通互联网交易型开放式指数证券投资基金,931637.CSI,港股通互联网,20210915,20210928,L,SZ,富国基金,中国银行股份有限公司,0.15,纯境内,2021-09-28,software_media
513770.SH,华宝中证港股通互联网ETF,华宝中证港股通互联网ETF,华宝中证港股通互联网交易型开放式指数证券投资基金,931637.CSI,港股通互联网,20220209,20220218,L,SH,华宝基金,中国工商银行股份有限公司,0.5,纯境内,2022-02-18,software_media
513040.SH,易方达中证港股通互联网ETF,易方达中证港股通互联网ETF,易方达中证港股通互联网交易型开放式指数证券投资基金,931637.CSI,港股通互联网,20230531,20230612,L,SH,易方达基金,华泰证券股份有限公司,0.15,纯境内,2023-06-12,software_media
159568.SZ,博时中证港股通互联网ETF,博时中证港股通互联网ETF,博时中证港股通互联网交易型开放式指数证券投资基金,931637.CSI,港股通互联网,20240208,20240227,L,SZ,博时基金,国信证券股份有限公司,0.5,纯境内,2024-02-27,software_media
520650.SH,南方中证港股通互联网ETF,南方中证港股通互联网ETF,南方中证港股通互联网交易型开放式指数证券投资基金,931637.CSI,港股通互联网,20251029,20251110,L,SH,南方基金,国泰海通证券股份有限公司,0.15,纯境内,2025-11-10,software_media
520630.SH,广发中证港股通互联网ETF,广发中证港股通互联网ETF,广发中证港股通互联网交易型开放式指数证券投资基金,931637.CSI,港股通互联网,20251126,20251222,L,SH,广发基金,招商银行股份有限公司,0.15,纯境内,2025-12-22,software_media
513720.SH,国泰中证港股通互联网ETF,国泰中证港股通互联网ETF,国泰中证港股通互联网交易型开放式指数证券投资基金,931637.CSI,港股通互联网,20251230,20260109,L,SH,国泰基金,兴业银行股份有限公司,0.5,纯境内,2026-01-09,software_media
520910.SH,华夏中证港股通互联网ETF,华夏中证港股通互联网ETF,华夏中证港股通互联网交易型开放式指数证券投资基金,931637.CSI,港股通互联网,20260121,20260202,L,SH,华夏基金,招商银行股份有限公司,0.15,纯境内,2026-02-02,software_media
520790.SH,兴业中证港股通互联网ETF,兴业中证港股通互联网ETF,兴业中证港股通互联网交易型开放式指数证券投资基金,931637.CSI,港股通互联网,20260319,20260330,L,SH,兴业基金,长江证券股份有限公司,0.45,纯境内,2026-03-30,software_media
159179.SZ,工银瑞信中证港股通互联网ETF,工银瑞信中证港股通互联网ETF,工银瑞信中证港股通互联网交易型开放式指数证券投资基金,931637.CSI,港股通互联网,20260318,20260403,L,SZ,工银瑞信基金,国信证券股份有限公司,0.15,纯境内,2026-04-03,software_media
159040.SZ,鹏华中证港股通互联网ETF,鹏华中证港股通互联网ETF,鹏华中证港股通互联网交易型开放式指数证券投资基金,931637.CSI,港股通互联网,20260617,20260626,L,SZ,鹏华基金,中泰证券股份有限公司,0.5,纯境内,2026-06-26,software_media
517550.SH,招商中证沪港深消费龙头ETF,招商中证沪港深消费龙头ETF,招商中证沪港深消费龙头交易型开放式指数证券投资基金,931663.CSI,中证SHS消费龙头,20220120,20220208,L,SH,招商基金,国信证券股份有限公司,0.5,纯境内,2022-02-08,consumer
562880.SH,嘉实中证电池主题ETF,嘉实中证电池主题ETF,嘉实中证电池主题交易型开放式指数证券投资基金,931719.CSI,中证CS电池,20210713,20210720,L,SH,嘉实基金,中信建投证券股份有限公司,0.5,纯境内,2021-07-20,battery_storage
561910.SH,招商中证电池主题ETF,招商中证电池主题ETF,招商中证电池主题交易型开放式指数证券投资基金,931719.CSI,中证CS电池,20210804,20210812,L,SH,招商基金,光大证券股份有限公司,0.5,纯境内,2021-08-12,battery_storage
159796.SZ,汇添富中证电池主题ETF,汇添富中证电池主题ETF,汇添富中证电池主题交易型开放式指数证券投资基金,931719.CSI,中证CS电池,20220303,20220314,L,SZ,汇添富基金,中国银行股份有限公司,0.15,纯境内,2022-03-14,battery_storage
561160.SH,富国中证电池主题ETF,富国中证电池主题ETF,富国中证电池主题交易型开放式指数证券投资基金,931719.CSI,中证CS电池,20220630,20220708,L,SH,富国基金,中国农业银行股份有限公司,0.15,纯境内,2022-07-08,battery_storage
159155.SZ,大成中证电池主题ETF,大成中证电池主题ETF,大成中证电池主题交易型开放式指数证券投资基金,931719.CSI,中证CS电池,20260113,20260121,L,SZ,大成基金,兴业银行股份有限公司,0.5,纯境内,2026-01-21,battery_storage
159147.SZ,南方中证电池主题ETF,南方中证电池主题ETF,南方中证电池主题交易型开放式指数证券投资基金,931719.CSI,中证CS电池,20260114,20260123,L,SZ,南方基金,交通银行股份有限公司,0.15,纯境内,2026-01-23,battery_storage
159175.SZ,易方达中证电池主题ETF,易方达中证电池主题ETF,易方达中证电池主题交易型开放式指数证券投资基金,931719.CSI,中证CS电池,20260225,20260305,L,SZ,易方达基金,中国民生银行股份有限公司,0.15,纯境内,2026-03-05,battery_storage
512460.SH,华夏中证电池主题ETF,华夏中证电池主题ETF,华夏中证电池主题交易型开放式指数证券投资基金,931719.CSI,中证CS电池,20260311,20260320,L,SH,华夏基金,财通证券股份有限公司,0.15,纯境内,2026-03-20,battery_storage
159160.SZ,东财中证电池主题ETF,东财中证电池主题ETF,东财中证电池主题交易型开放式指数证券投资基金,931719.CSI,中证CS电池,20260319,20260327,L,SZ,东财基金,兴业银行股份有限公司,0.5,纯境内,2026-03-27,battery_storage
560410.SH,鹏华中证电池主题ETF,鹏华中证电池主题ETF,鹏华中证电池主题交易型开放式指数证券投资基金,931719.CSI,中证CS电池,20260402,20260417,L,SH,鹏华基金,华泰证券股份有限公司,0.5,纯境内,2026-04-17,battery_storage
560910.SH,华泰柏瑞中证电池主题ETF,华泰柏瑞中证电池主题ETF,华泰柏瑞中证电池主题交易型开放式指数证券投资基金,931719.CSI,中证CS电池,20260513,20260521,L,SH,华泰柏瑞基金,国泰海通证券股份有限公司,0.5,纯境内,2026-05-21,battery_storage
159516.SZ,国泰中证半导体材料设备主题ETF,国泰中证半导体材料设备主题ETF,国泰中证半导体材料设备主题交易型开放式指数证券投资基金,931743.CSI,半导体材料设备,20230719,20230727,L,SZ,国泰基金,广发证券股份有限公司,0.5,纯境内,2023-07-27,semiconductors
562590.SH,华夏中证半导体材料设备主题ETF,华夏中证半导体材料设备主题ETF,华夏中证半导体材料设备主题交易型开放式指数证券投资基金,931743.CSI,半导体材料设备,20231009,20231018,L,SH,华夏基金,中信建投证券股份有限公司,0.5,纯境内,2023-10-18,semiconductors
560780.SH,广发中证半导体材料设备主题ETF,广发中证半导体材料设备主题ETF,广发中证半导体材料设备主题交易型开放式指数证券投资基金,931743.CSI,半导体材料设备,20231201,20231212,L,SH,广发基金,招商银行股份有限公司,0.5,纯境内,2023-12-12,semiconductors
159558.SZ,易方达中证半导体材料设备主题ETF,易方达中证半导体材料设备主题ETF,易方达中证半导体材料设备主题交易型开放式指数证券投资基金,931743.CSI,半导体材料设备,20240606,20240618,L,SZ,易方达基金,中国银行股份有限公司,0.5,纯境内,2024-06-18,semiconductors
159327.SZ,万家中证半导体材料设备主题ETF,万家中证半导体材料设备主题ETF,万家中证半导体材料设备主题交易型开放式指数证券投资基金,931743.CSI,半导体材料设备,20240724,20240805,L,SZ,万家基金,中国建设银行股份有限公司,0.5,纯境内,2024-08-05,semiconductors
560280.SH,广发中证工程机械主题ETF,广发中证工程机械主题ETF,广发中证工程机械主题交易型开放式指数证券投资基金,931752.CSI,中证工程机械主题,20231018,20231030,L,SH,广发基金,招商银行股份有限公司,0.5,纯境内,2023-10-30,industrials
159542.SZ,大成中证工程机械主题ETF,大成中证工程机械主题ETF,大成中证工程机械主题交易型开放式指数证券投资基金,931752.CSI,中证工程机械主题,20240528,20240607,L,SZ,大成基金,中信银行股份有限公司,0.5,纯境内,2024-06-07,industrials
516250.SH,富国中证工程机械主题ETF,富国中证工程机械主题ETF,富国中证工程机械主题交易型开放式指数证券投资基金,931752.CSI,中证工程机械主题,20251210,20251222,L,SH,富国基金,国信证券股份有限公司,0.5,纯境内,2025-12-22,industrials
159138.SZ,易方达中证工程机械主题ETF,易方达中证工程机械主题ETF,易方达中证工程机械主题交易型开放式指数证券投资基金,931752.CSI,中证工程机械主题,20251231,20260113,L,SZ,易方达基金,中国工商银行股份有限公司,0.5,纯境内,2026-01-13,industrials
515970.SH,华夏中证工程机械主题ETF,华夏中证工程机械主题ETF,华夏中证工程机械主题交易型开放式指数证券投资基金,931752.CSI,中证工程机械主题,20260204,20260212,L,SH,华夏基金,国投证券股份有限公司,0.15,纯境内,2026-02-12,industrials
159177.SZ,鹏华中证工程机械主题ETF,鹏华中证工程机械主题ETF,鹏华中证工程机械主题交易型开放式指数证券投资基金,931752.CSI,中证工程机械主题,20260317,20260402,L,SZ,鹏华基金,南京银行股份有限公司,0.5,纯境内,2026-04-02,industrials
561030.SH,华泰柏瑞中证工程机械主题ETF,华泰柏瑞中证工程机械主题ETF,华泰柏瑞中证工程机械主题交易型开放式指数证券投资基金,931752.CSI,中证工程机械主题,20260520,20260529,L,SH,华泰柏瑞基金,长城证券股份有限公司,0.5,纯境内,2026-05-29,industrials
159065.SZ,景顺长城中证工程机械主题ETF,景顺长城中证工程机械主题ETF,景顺长城中证工程机械主题交易型开放式指数证券投资基金,931752.CSI,中证工程机械主题,20260612,20260626,L,SZ,景顺长城基金,中信建投证券股份有限公司,0.5,纯境内,2026-06-26,industrials
159070.SZ,嘉实中证工程机械主题ETF,嘉实中证工程机械主题ETF,嘉实中证工程机械主题交易型开放式指数证券投资基金,931752.CSI,中证工程机械主题,20260617,20260626,L,SZ,嘉实基金,上海浦东发展银行股份有限公司,0.5,纯境内,2026-06-26,industrials
560920.SH,招商中证工程机械主题ETF,招商中证工程机械主题ETF,招商中证工程机械主题交易型开放式指数证券投资基金,931752.CSI,中证工程机械主题,20260624,20260703,L,SH,招商基金,华泰证券股份有限公司,0.5,纯境内,2026-07-03,industrials
159161.SZ,东财中证工程机械主题ETF,东财中证工程机械主题ETF,东财中证工程机械主题交易型开放式指数证券投资基金,931752.CSI,中证工程机械主题,20260629,20260707,L,SZ,东财基金,兴业银行股份有限公司,0.5,纯境内,2026-07-07,industrials
516440.SH,南方中证工程机械主题ETF,南方中证工程机械主题ETF,南方中证工程机械主题交易型开放式指数证券投资基金,931752.CSI,中证工程机械主题,20260701,20260709,L,SH,南方基金,中国建设银行股份有限公司,0.15,纯境内,2026-07-09,industrials
512200.SH,南方中证全指房地产ETF,南方中证全指房地产ETF,南方中证全指房地产交易型开放式指数证券投资基金,931775.CSI,中证房地产,20170825,20170925,L,SH,南方基金,中国工商银行股份有限公司,0.5,纯境内,2017-09-25,real_estate_infra
515060.SH,华夏中证全指房地产ETF,华夏中证全指房地产ETF,华夏中证全指房地产交易型开放式指数证券投资基金,931775.CSI,中证房地产,20191128,20200103,L,SH,华夏基金,中国银行股份有限公司,0.5,纯境内,2020-01-03,real_estate_infra
560980.SH,广发中证光伏龙头30ETF,广发中证光伏龙头30ETF,广发中证光伏龙头30交易型开放式指数证券投资基金,931798.CSI,中证光伏龙头30,20221116,20221129,L,SH,广发基金,中国民生银行股份有限公司,0.5,纯境内,2022-11-29,solar_wind
159663.SZ,华夏中证机床ETF,华夏中证机床ETF,华夏中证机床交易型开放式指数证券投资基金,931866.CSI,中证机床,20221012,20221026,L,SZ,华夏基金,中国光大银行股份有限公司,0.5,纯境内,2022-10-26,industrials
159667.SZ,国泰中证机床ETF,国泰中证机床ETF,国泰中证机床交易型开放式指数证券投资基金,931866.CSI,中证机床,20221012,20221026,L,SZ,国泰基金,中国邮政储蓄银行股份有限公司,0.5,纯境内,2022-10-26,industrials
561330.SH,国泰中证有色金属矿业主题ETF,国泰中证有色金属矿业主题ETF,国泰中证有色金属矿业主题交易型开放式指数证券投资基金,931892.CSI,中证有色矿业,20221019,20221101,L,SH,国泰基金,国泰海通证券股份有限公司,0.5,纯境内,2022-11-01,materials
159690.SZ,招商中证有色金属矿业主题ETF,招商中证有色金属矿业主题ETF,招商中证有色金属矿业主题交易型开放式指数证券投资基金,931892.CSI,中证有色矿业,20230621,20230706,L,SZ,招商基金,国泰海通证券股份有限公司,0.5,纯境内,2023-07-06,materials
560290.SH,景顺长城中证有色金属矿业主题ETF,景顺长城中证有色金属矿业主题ETF,景顺长城中证有色金属矿业主题交易型开放式指数证券投资基金,931892.CSI,中证有色矿业,20260126,20260206,L,SH,景顺长城基金,中信建投证券股份有限公司,0.5,纯境内,2026-02-06,materials
159163.SZ,泰康中证有色金属矿业主题ETF,泰康中证有色金属矿业主题ETF,泰康中证有色金属矿业主题交易型开放式指数证券投资基金,931892.CSI,中证有色矿业,20260127,20260209,L,SZ,泰康基金,兴业银行股份有限公司,0.5,纯境内,2026-02-09,materials
512940.SH,华安中证有色金属矿业主题ETF,华安中证有色金属矿业主题ETF,华安中证有色金属矿业主题交易型开放式指数证券投资基金,931892.CSI,中证有色矿业,20260204,20260226,L,SH,华安基金,中国银行股份有限公司,0.5,纯境内,2026-02-26,materials
159029.SZ,广发中证有色金属矿业主题ETF,广发中证有色金属矿业主题ETF,广发中证有色金属矿业主题交易型开放式指数证券投资基金,931892.CSI,中证有色矿业,20260511,20260521,L,SZ,广发基金,中国农业银行股份有限公司,0.5,纯境内,2026-05-21,materials
159049.SZ,工银瑞信中证有色金属矿业主题ETF,工银瑞信中证有色金属矿业主题ETF,工银瑞信中证有色金属矿业主题交易型开放式指数证券投资基金,931892.CSI,中证有色矿业,20260623,20260708,L,SZ,工银瑞信基金,中信建投证券股份有限公司,0.5,纯境内,2026-07-08,materials
561170.SH,富国中证绿色电力ETF,富国中证绿色电力ETF,富国中证绿色电力交易型开放式指数证券投资基金,931897.CSI,中证绿色电力,20230302,20230316,L,SH,富国基金,中国民生银行股份有限公司,0.5,纯境内,2023-03-16,power_grid
562550.SH,华夏中证绿色电力ETF,华夏中证绿色电力ETF,华夏中证绿色电力交易型开放式指数证券投资基金,931897.CSI,中证绿色电力,20230307,20230327,L,SH,华夏基金,中信银行股份有限公司,0.5,纯境内,2023-03-27,power_grid
562960.SH,易方达中证绿色电力ETF,易方达中证绿色电力ETF,易方达中证绿色电力交易型开放式指数证券投资基金,931897.CSI,中证绿色电力,20230403,20230412,L,SH,易方达基金,中信建投证券股份有限公司,0.5,纯境内,2023-04-12,power_grid
159165.SZ,永赢中证畜牧养殖产业ETF,永赢中证畜牧养殖产业ETF,永赢中证畜牧养殖产业交易型开放式指数证券投资基金,931946.CSI,畜牧养殖,20260204,20260212,L,SZ,永赢基金,中信建投证券股份有限公司,0.5,纯境内,2026-02-12,agriculture
159172.SZ,汇添富中证畜牧养殖产业ETF,汇添富中证畜牧养殖产业ETF,汇添富中证畜牧养殖产业交易型开放式指数证券投资基金,931946.CSI,畜牧养殖,20260311,20260320,L,SZ,汇添富基金,光大证券股份有限公司,0.5,纯境内,2026-03-20,agriculture
512450.SH,广发中证畜牧养殖产业ETF,广发中证畜牧养殖产业ETF,广发中证畜牧养殖产业交易型开放式指数证券投资基金,931946.CSI,畜牧养殖,20260318,20260401,L,SH,广发基金,国投证券股份有限公司,0.5,纯境内,2026-04-01,agriculture
159007.SZ,华泰柏瑞中证畜牧养殖产业ETF,华泰柏瑞中证畜牧养殖产业ETF,华泰柏瑞中证畜牧养殖产业交易型开放式指数证券投资基金,931946.CSI,畜牧养殖,20260408,20260417,L,SZ,华泰柏瑞基金,中国农业银行股份有限公司,0.5,纯境内,2026-04-17,agriculture
159020.SZ,易方达中证畜牧养殖产业ETF,易方达中证畜牧养殖产业ETF,易方达中证畜牧养殖产业交易型开放式指数证券投资基金,931946.CSI,畜牧养殖,20260417,20260427,L,SZ,易方达基金,中国工商银行股份有限公司,0.15,纯境内,2026-04-27,agriculture
159027.SZ,大成中证畜牧养殖产业ETF,大成中证畜牧养殖产业ETF,大成中证畜牧养殖产业交易型开放式指数证券投资基金,931946.CSI,畜牧养殖,20260506,20260515,L,SZ,大成基金,国信证券股份有限公司,0.5,纯境内,2026-05-15,agriculture
159023.SZ,万家中证畜牧养殖产业ETF,万家中证畜牧养殖产业ETF,万家中证畜牧养殖产业交易型开放式指数证券投资基金,931946.CSI,畜牧养殖,20260603,20260615,L,SZ,万家基金,长沙银行股份有限公司,0.5,纯境内,2026-06-15,agriculture
159011.SZ,华安中证畜牧养殖产业ETF,华安中证畜牧养殖产业ETF,华安中证畜牧养殖产业交易型开放式指数证券投资基金,931946.CSI,畜牧养殖,20260603,20260616,L,SZ,华安基金,中信证券股份有限公司,0.5,纯境内,2026-06-16,agriculture
561470.SH,天弘中证畜牧养殖产业ETF,天弘中证畜牧养殖产业ETF,天弘中证畜牧养殖产业交易型开放式指数证券投资基金,931946.CSI,畜牧养殖,20260629,20260709,L,SH,天弘基金,广发证券股份有限公司,0.5,纯境内,2026-07-09,agriculture
562860.SH,嘉实中证疫苗与生物技术ETF,嘉实中证疫苗与生物技术ETF,嘉实中证疫苗与生物技术交易型开放式指数证券投资基金,931992.CSI,中证疫苗生物,20230216,20230224,L,SH,嘉实基金,中国工商银行股份有限公司,0.5,纯境内,2023-02-24,healthcare
561920.SH,招商中证疫苗与生物技术ETF,招商中证疫苗与生物技术ETF,招商中证疫苗与生物技术交易型开放式指数证券投资基金,931992.CSI,中证疫苗生物,20230315,20230329,L,SH,招商基金,中国银河证券股份有限公司,0.5,纯境内,2023-03-29,healthcare
159326.SZ,华夏中证电网设备主题ETF,华夏中证电网设备主题ETF,华夏中证电网设备主题交易型开放式指数证券投资基金,931994.CSI,电网设备主题,20240829,20240909,L,SZ,华夏基金,招商证券股份有限公司,0.5,纯境内,2024-09-09,power_grid
159366.SZ,永赢中证港股通医疗主题ETF,永赢中证港股通医疗主题ETF,永赢中证港股通医疗主题交易型开放式指数证券投资基金,932069.CSI,港股通医疗主题,20250402,20250414,L,SZ,永赢基金,国泰海通证券股份有限公司,0.5,纯境内,2025-04-14,healthcare
520510.SH,华夏中证港股通医疗主题ETF,华夏中证港股通医疗主题ETF,华夏中证港股通医疗主题交易型开放式指数证券投资基金,932069.CSI,港股通医疗主题,20250728,20250807,L,SH,华夏基金,国信证券股份有限公司,0.5,纯境内,2025-08-07,healthcare
159137.SZ,华宝中证港股通医疗主题ETF,华宝中证港股通医疗主题ETF,华宝中证港股通医疗主题交易型开放式指数证券投资基金,932069.CSI,港股通医疗主题,20251231,20260112,L,SZ,华宝基金,财通证券股份有限公司,0.5,纯境内,2026-01-12,healthcare
520850.SH,易方达中证港股通医疗主题ETF,易方达中证港股通医疗主题ETF,易方达中证港股通医疗主题交易型开放式指数证券投资基金,932069.CSI,港股通医疗主题,20251231,20260119,L,SH,易方达基金,中泰证券股份有限公司,0.5,纯境内,2026-01-19,healthcare
159167.SZ,工银瑞信中证港股通医疗主题ETF,工银瑞信中证港股通医疗主题ETF,工银瑞信中证港股通医疗主题交易型开放式指数证券投资基金,932069.CSI,港股通医疗主题,20260204,20260212,L,SZ,工银瑞信基金,华泰证券股份有限公司,0.5,纯境内,2026-02-12,healthcare
526010.SH,汇添富中证港股通医疗主题ETF,汇添富中证港股通医疗主题ETF,汇添富中证港股通医疗主题交易型开放式指数证券投资基金,932069.CSI,港股通医疗主题,20260409,20260417,L,SH,汇添富基金,兴业证券股份有限公司,0.5,纯境内,2026-04-17,healthcare
513620.SH,银华中证港股通医疗主题ETF,银华中证港股通医疗主题ETF,银华中证港股通医疗主题交易型开放式指数证券投资基金,932069.CSI,港股通医疗主题,20260429,20260518,L,SH,银华基金,中信建投证券股份有限公司,0.5,纯境内,2026-05-18,healthcare
563380.SH,华泰柏瑞中证全指航空航天ETF,华泰柏瑞中证全指航空航天ETF,华泰柏瑞中证全指航空航天交易型开放式指数证券投资基金,932088.CSI,中证全指航空,20251029,20251107,L,SH,华泰柏瑞基金,中信建投证券股份有限公司,0.5,纯境内,2025-11-07,defense
561010.SH,华安中证全指软件开发ETF,华安中证全指软件开发ETF,华安中证全指软件开发交易型开放式指数证券投资基金,932094.CSI,中证软件开发,20231121,20231211,L,SH,华安基金,中信证券股份有限公司,0.5,纯境内,2023-12-11,software_media
159036.SZ,华宝中证全指软件开发ETF,华宝中证全指软件开发ETF,华宝中证全指软件开发交易型开放式指数证券投资基金,932094.CSI,中证软件开发,20260603,20260611,L,SZ,华宝基金,广发证券股份有限公司,0.5,纯境内,2026-06-11,software_media
510200.SH,汇安上证证券ETF,汇安上证证券ETF,汇安上证证券交易型开放式指数证券投资基金,950105.CSI,上证证券,20200409,20200508,L,SH,汇安基金,兴业证券股份有限公司,0.5,纯境内,2020-05-08,financials
159760.SZ,泰康国证公共卫生与医疗健康ETF,泰康国证公共卫生与医疗健康ETF,泰康国证公共卫生与医疗健康交易型开放式指数证券投资基金,980016.SZ,医疗健康,20211206,20211220,L,SZ,泰康基金,招商银行股份有限公司,0.5,纯境内,2021-12-20,healthcare
159995.SZ,华夏国证半导体芯片ETF,华夏国证半导体芯片ETF,华夏国证半导体芯片交易型开放式指数证券投资基金,980017.SZ,国证芯片,20200120,20200210,L,SZ,华夏基金,中国建设银行股份有限公司,0.5,纯境内,2020-02-10,semiconductors
159801.SZ,广发国证半导体芯片ETF,广发国证半导体芯片ETF,广发国证半导体芯片交易型开放式指数证券投资基金,980017.SZ,国证芯片,20200120,20200218,L,SZ,广发基金,中国工商银行股份有限公司,0.5,纯境内,2020-02-18,semiconductors
159813.SZ,鹏华国证半导体芯片ETF,鹏华国证半导体芯片ETF,鹏华国证半导体芯片交易型开放式指数证券投资基金,980017.SZ,国证芯片,20200417,20200525,L,SZ,鹏华基金,申万宏源证券有限公司,0.5,纯境内,2020-05-25,semiconductors
159665.SZ,工银瑞信国证半导体芯片ETF,工银瑞信国证半导体芯片ETF,工银瑞信国证半导体芯片交易型开放式指数证券投资基金,980017.SZ,国证芯片,20221222,20230106,L,SZ,工银瑞信基金,招商证券股份有限公司,0.45,纯境内,2023-01-06,semiconductors
159206.SZ,永赢国证商用卫星通信产业ETF,永赢国证商用卫星通信产业ETF,永赢国证商用卫星通信产业交易型开放式指数证券投资基金,980018.SZ,卫星通信,20250306,20250314,L,SZ,永赢基金,中信建投证券股份有限公司,0.5,纯境内,2025-03-14,electronics_communication
159559.SZ,景顺长城国证机器人产业ETF,景顺长城国证机器人产业ETF,景顺长城国证机器人产业交易型开放式指数证券投资基金,980022.SZ,国证机器人产业,20231130,20231212,L,SZ,景顺长城基金,中信建投证券股份有限公司,0.5,纯境内,2023-12-12,ai_robotics
159530.SZ,易方达国证机器人产业ETF,易方达国证机器人产业ETF,易方达国证机器人产业交易型开放式指数证券投资基金,980022.SZ,国证机器人产业,20240110,20240118,L,SZ,易方达基金,中国建设银行股份有限公司,0.5,纯境内,2024-01-18,ai_robotics
159278.SZ,鹏华国证机器人产业ETF,鹏华国证机器人产业ETF,鹏华国证机器人产业交易型开放式指数证券投资基金,980022.SZ,国证机器人产业,20250730,20250812,L,SZ,鹏华基金,国投证券股份有限公司,0.5,纯境内,2025-08-12,ai_robotics
159272.SZ,富国国证机器人产业ETF,富国国证机器人产业ETF,富国国证机器人产业交易型开放式指数证券投资基金,980022.SZ,国证机器人产业,20250908,20250919,L,SZ,富国基金,国信证券股份有限公司,0.5,纯境内,2025-09-19,ai_robotics
159050.SZ,广发国证机器人产业ETF,广发国证机器人产业ETF,广发国证机器人产业交易型开放式指数证券投资基金,980022.SZ,国证机器人产业,20260528,20260609,L,SZ,广发基金,中国银行股份有限公司,0.5,纯境内,2026-06-09,ai_robotics
159048.SZ,大成国证机器人产业ETF,大成国证机器人产业ETF,大成国证机器人产业交易型开放式指数证券投资基金,980022.SZ,国证机器人产业,20260602,20260610,L,SZ,大成基金,中信建投证券股份有限公司,0.5,纯境内,2026-06-10,ai_robotics
159039.SZ,华安国证机器人产业ETF,华安国证机器人产业ETF,华安国证机器人产业交易型开放式指数证券投资基金,980022.SZ,国证机器人产业,20260603,20260618,L,SZ,华安基金,招商银行股份有限公司,0.5,纯境内,2026-06-18,ai_robotics
159566.SZ,易方达国证新能源电池ETF,易方达国证新能源电池ETF,易方达国证新能源电池交易型开放式指数证券投资基金,980027.SZ,国证新能源电池,20240131,20240208,L,SZ,易方达基金,国投证券股份有限公司,0.5,纯境内,2024-02-08,battery_storage
159305.SZ,广发国证新能源电池ETF,广发国证新能源电池ETF,广发国证新能源电池交易型开放式指数证券投资基金,980027.SZ,国证新能源电池,20240918,20240927,L,SZ,广发基金,中国银行股份有限公司,0.5,纯境内,2024-09-27,battery_storage
159193.SZ,银华国证新能源电池ETF,银华国证新能源电池ETF,银华国证新能源电池交易型开放式指数证券投资基金,980027.SZ,国证新能源电池,20260423,20260506,L,SZ,银华基金,中信证券股份有限公司,0.5,纯境内,2026-05-06,battery_storage
159052.SZ,嘉实国证新能源电池ETF,嘉实国证新能源电池ETF,嘉实国证新能源电池交易型开放式指数证券投资基金,980027.SZ,国证新能源电池,20260603,20260611,L,SZ,嘉实基金,国信证券股份有限公司,0.5,纯境内,2026-06-11,battery_storage
159071.SZ,华宝国证新能源电池ETF,华宝国证新能源电池ETF,华宝国证新能源电池交易型开放式指数证券投资基金,980027.SZ,国证新能源电池,20260610,20260618,L,SZ,华宝基金,招商证券股份有限公司,0.5,纯境内,2026-06-18,battery_storage
159730.SZ,博时国证龙头家电ETF,博时国证龙头家电ETF,博时国证龙头家电交易型开放式指数证券投资基金,980028.SZ,国证龙头家电,20211213,20211224,L,SZ,博时基金,平安银行股份有限公司,0.5,纯境内,2021-12-24,consumer
159732.SZ,华夏国证消费电子主题ETF,华夏国证消费电子主题ETF,华夏国证消费电子主题交易型开放式指数证券投资基金,980030.SZ,国证消费电子,20210812,20210823,L,SZ,华夏基金,中国建设银行股份有限公司,0.5,纯境内,2021-08-23,electronics_communication
159153.SZ,鹏华国证消费电子主题ETF,鹏华国证消费电子主题ETF,鹏华国证消费电子主题交易型开放式指数证券投资基金,980030.SZ,国证消费电子,20260129,20260209,L,SZ,鹏华基金,东方财富证券股份有限公司,0.5,纯境内,2026-02-09,electronics_communication
159178.SZ,汇添富国证消费电子主题ETF,汇添富国证消费电子主题ETF,汇添富国证消费电子主题交易型开放式指数证券投资基金,980030.SZ,国证消费电子,20260420,20260428,L,SZ,汇添富基金,中国农业银行股份有限公司,0.5,纯境内,2026-04-28,electronics_communication
159755.SZ,广发国证新能源车电池ETF,广发国证新能源车电池ETF,广发国证新能源车电池交易型开放式指数证券投资基金,980032.SZ,国证新能电池,20210615,20210624,L,SZ,广发基金,中国工商银行股份有限公司,0.5,纯境内,2021-06-24,battery_storage
159757.SZ,景顺长城国证新能源车电池ETF,景顺长城国证新能源车电池ETF,景顺长城国证新能源车电池交易型开放式指数证券投资基金,980032.SZ,国证新能电池,20210721,20210809,L,SZ,景顺长城基金,华夏银行股份有限公司,0.5,纯境内,2021-08-09,battery_storage
159840.SZ,工银瑞信国证新能源车电池ETF,工银瑞信国证新能源车电池ETF,工银瑞信国证新能源车电池交易型开放式指数证券投资基金,980032.SZ,国证新能电池,20210805,20210820,L,SZ,工银瑞信基金,中信建投证券股份有限公司,0.45,纯境内,2021-08-20,battery_storage
159767.SZ,兴银国证新能源车电池ETF,兴银国证新能源车电池ETF,兴银国证新能源车电池交易型开放式指数证券投资基金,980032.SZ,国证新能电池,20210806,20210823,L,SZ,兴银基金管理,上海浦东发展银行股份有限公司,0.5,纯境内,2021-08-23,battery_storage
159775.SZ,建信国证新能源车电池ETF,建信国证新能源车电池ETF,建信国证新能源车电池交易型开放式指数证券投资基金,980032.SZ,国证新能电池,20220107,20220124,L,SZ,建信基金,中信证券股份有限公司,0.5,纯境内,2022-01-24,battery_storage
159156.SZ,万家国证新能源车电池ETF,万家国证新能源车电池ETF,万家国证新能源车电池交易型开放式指数证券投资基金,980032.SZ,国证新能电池,20260204,20260212,L,SZ,万家基金,恒丰银行股份有限公司,0.5,纯境内,2026-02-12,battery_storage
159378.SZ,永赢国证通用航空产业ETF,永赢国证通用航空产业ETF,永赢国证通用航空产业交易型开放式指数证券投资基金,980076.SZ,通用航空,20250102,20250110,L,SZ,永赢基金,中信证券股份有限公司,0.5,纯境内,2025-01-10,defense
159231.SZ,华宝国证通用航空产业ETF,华宝国证通用航空产业ETF,华宝国证通用航空产业交易型开放式指数证券投资基金,980076.SZ,通用航空,20250418,20250429,L,SZ,华宝基金,长江证券股份有限公司,0.5,纯境内,2025-04-29,defense
159392.SZ,富国国证通用航空产业ETF,富国国证通用航空产业ETF,富国国证通用航空产业交易型开放式指数证券投资基金,980076.SZ,通用航空,20250430,20250514,L,SZ,富国基金,广发证券股份有限公司,0.5,纯境内,2025-05-14,defense
159230.SZ,华夏国证通用航空产业ETF,华夏国证通用航空产业ETF,华夏国证通用航空产业交易型开放式指数证券投资基金,980076.SZ,通用航空,20250521,20250530,L,SZ,华夏基金,国泰海通证券股份有限公司,0.5,纯境内,2025-05-30,defense
159257.SZ,汇添富国证通用航空产业ETF,汇添富国证通用航空产业ETF,汇添富国证通用航空产业交易型开放式指数证券投资基金,980076.SZ,通用航空,20250716,20250728,L,SZ,汇添富基金,中信建投证券股份有限公司,0.5,纯境内,2025-07-28,defense
159255.SZ,易方达国证通用航空产业ETF,易方达国证通用航空产业ETF,易方达国证通用航空产业交易型开放式指数证券投资基金,980076.SZ,通用航空,20250725,20250804,L,SZ,易方达基金,兴业证券股份有限公司,0.5,纯境内,2025-08-04,defense
516320.SH,华夏中证装备产业ETF,华夏中证装备产业ETF,华夏中证装备产业交易型开放式指数证券投资基金,H11054.CSI,中证装备产业,20210527,20210608,L,SH,华夏基金,中国银行股份有限公司,0.5,纯境内,2021-06-08,industrials
562910.SH,易方达中证装备产业ETF,易方达中证装备产业ETF,易方达中证装备产业交易型开放式指数证券投资基金,H11054.CSI,中证装备产业,20211229,20220110,L,SH,易方达基金,中信银行股份有限公司,0.15,纯境内,2022-01-10,industrials
560860.SH,万家中证工业有色金属主题ETF,万家中证工业有色金属主题ETF,万家中证工业有色金属主题交易型开放式指数证券投资基金,H11059.CSI,中证工业有色,20230222,20230313,L,SH,万家基金,中国建设银行股份有限公司,0.5,纯境内,2023-03-13,materials
159162.SZ,鹏华中证工业有色金属主题ETF,鹏华中证工业有色金属主题ETF,鹏华中证工业有色金属主题交易型开放式指数证券投资基金,H11059.CSI,中证工业有色,20260121,20260129,L,SZ,鹏华基金,兴业银行股份有限公司,0.5,纯境内,2026-01-29,materials
159157.SZ,天弘中证工业有色金属主题ETF,天弘中证工业有色金属主题ETF,天弘中证工业有色金属主题交易型开放式指数证券投资基金,H11059.CSI,中证工业有色,20260128,20260206,L,SZ,天弘基金,中信证券股份有限公司,0.5,纯境内,2026-02-06,materials
159168.SZ,富国中证工业有色金属主题ETF,富国中证工业有色金属主题ETF,富国中证工业有色金属主题交易型开放式指数证券投资基金,H11059.CSI,中证工业有色,20260204,20260212,L,SZ,富国基金,中信建投证券股份有限公司,0.5,纯境内,2026-02-12,materials
159171.SZ,博时中证工业有色金属主题ETF,博时中证工业有色金属主题ETF,博时中证工业有色金属主题交易型开放式指数证券投资基金,H11059.CSI,中证工业有色,20260213,20260305,L,SZ,博时基金,国投证券股份有限公司,0.5,纯境内,2026-03-05,materials
159032.SZ,易方达中证工业有色金属主题ETF,易方达中证工业有色金属主题ETF,易方达中证工业有色金属主题交易型开放式指数证券投资基金,H11059.CSI,中证工业有色,20260430,20260513,L,SZ,易方达基金,东方财富证券股份有限公司,0.15,纯境内,2026-05-13,materials
560870.SH,中银中证工业有色金属主题ETF,中银中证工业有色金属主题ETF,中银中证工业有色金属主题交易型开放式指数证券投资基金,H11059.CSI,中证工业有色,20260512,20260525,L,SH,中银基金,江苏银行股份有限公司,0.15,纯境内,2026-05-25,materials
560490.SH,华泰柏瑞中证工业有色金属主题ETF,华泰柏瑞中证工业有色金属主题ETF,华泰柏瑞中证工业有色金属主题交易型开放式指数证券投资基金,H11059.CSI,中证工业有色,20260518,20260526,L,SH,华泰柏瑞基金,宁波银行股份有限公司,0.5,纯境内,2026-05-26,materials
560970.SH,平安中证工业有色金属主题ETF,平安中证工业有色金属主题ETF,平安中证工业有色金属主题交易型开放式指数证券投资基金,H11059.CSI,中证工业有色,20260522,20260608,L,SH,平安基金,中信银行股份有限公司,0.5,纯境内,2026-06-08,materials
515040.SH,华夏中证工业有色金属主题ETF,华夏中证工业有色金属主题ETF,华夏中证工业有色金属主题交易型开放式指数证券投资基金,H11059.CSI,中证工业有色,20260708,20260717,L,SH,华夏基金,中信建投证券股份有限公司,0.15,纯境内,2026-07-17,materials
516920.SH,汇添富中证芯片产业ETF,汇添富中证芯片产业ETF,汇添富中证芯片产业交易型开放式指数证券投资基金,H30007.CSI,中证芯片产业,20210727,20210816,L,SH,汇添富基金,招商银行股份有限公司,0.15,纯境内,2021-08-16,semiconductors
516640.SH,富国中证芯片产业ETF,富国中证芯片产业ETF,富国中证芯片产业交易型开放式指数证券投资基金,H30007.CSI,中证芯片产业,20210819,20210827,L,SH,富国基金,兴业银行股份有限公司,0.15,纯境内,2021-08-27,semiconductors
516350.SH,易方达中证芯片产业ETF,易方达中证芯片产业ETF,易方达中证芯片产业交易型开放式指数证券投资基金,H30007.CSI,中证芯片产业,20211215,20211223,L,SH,易方达基金,中国银行股份有限公司,0.15,纯境内,2021-12-23,semiconductors
159560.SZ,景顺长城中证芯片产业ETF,景顺长城中证芯片产业ETF,景顺长城中证芯片产业交易型开放式指数证券投资基金,H30007.CSI,中证芯片产业,20231109,20231120,L,SZ,景顺长城基金,国投证券股份有限公司,0.5,纯境内,2023-11-20,semiconductors
159310.SZ,天弘中证芯片产业ETF,天弘中证芯片产业ETF,天弘中证芯片产业交易型开放式指数证券投资基金,H30007.CSI,中证芯片产业,20240418,20240430,L,SZ,天弘基金,光大证券股份有限公司,0.5,纯境内,2024-04-30,semiconductors
159599.SZ,东财中证芯片产业ETF,东财中证芯片产业ETF,东财中证芯片产业交易型开放式指数证券投资基金,H30007.CSI,中证芯片产业,20240419,20240508,L,SZ,东财基金,兴业银行股份有限公司,0.5,纯境内,2024-05-08,semiconductors
516110.SH,国泰中证800汽车与零部件ETF,国泰中证800汽车与零部件ETF,国泰中证800汽车与零部件交易型开放式指数证券投资基金,H30015.CSI,中证800汽车,20210407,20210507,L,SH,国泰基金,中信银行股份有限公司,0.5,纯境内,2021-05-07,automotive
159887.SZ,富国中证800银行ETF,富国中证800银行ETF,富国中证800银行交易型开放式指数证券投资基金,H30022.CSI,中证800银行,20210512,20210520,L,SZ,富国基金,招商银行股份有限公司,0.5,纯境内,2021-05-20,financials
159873.SZ,天弘中证全指医疗保健设备与服务ETF,天弘中证全指医疗保健设备与服务ETF,天弘中证全指医疗保健设备与服务交易型开放式指数证券投资基金,H30178.CSI,中证医疗保健,20210316,20210329,L,SZ,天弘基金,华泰证券股份有限公司,0.5,纯境内,2021-03-29,healthcare
516610.SH,大成中证全指医疗保健设备与服务ETF,大成中证全指医疗保健设备与服务ETF,大成中证全指医疗保健设备与服务交易型开放式指数证券投资基金,H30178.CSI,中证医疗保健,20210429,20210513,L,SH,大成基金,上海银行股份有限公司,0.5,纯境内,2021-05-13,healthcare
159891.SZ,建信中证全指医疗保健设备与服务ETF,建信中证全指医疗保健设备与服务ETF,建信中证全指医疗保健设备与服务交易型开放式指数证券投资基金,H30178.CSI,中证医疗保健,20210527,20210615,L,SZ,建信基金,中信建投证券股份有限公司,0.5,纯境内,2021-06-15,healthcare
516790.SH,华泰柏瑞中证全指医疗保健设备与服务ETF,华泰柏瑞中证全指医疗保健设备与服务ETF,华泰柏瑞中证全指医疗保健设备与服务交易型开放式指数证券投资基金,H30178.CSI,中证医疗保健,20210812,20210823,L,SH,华泰柏瑞基金,中国银行股份有限公司,0.5,纯境内,2021-08-23,healthcare
159877.SZ,南方中证全指医疗保健设备与服务ETF,南方中证全指医疗保健设备与服务ETF,南方中证全指医疗保健设备与服务交易型开放式指数证券投资基金,H30178.CSI,中证医疗保健,20211022,20211103,L,SZ,南方基金,中国工商银行股份有限公司,0.5,纯境内,2021-11-03,healthcare
159586.SZ,南方中证全指计算机ETF,南方中证全指计算机ETF,南方中证全指计算机交易型开放式指数证券投资基金,H30182.CSI,中证计算机,20240307,20240315,L,SZ,南方基金,招商银行股份有限公司,0.5,纯境内,2024-03-15,other_theme
512480.SH,国联安中证全指半导体产品与设备ETF,国联安中证全指半导体产品与设备ETF,国联安中证全指半导体产品与设备交易型开放式指数证券投资基金,H30184.CSI,中证半导体,20190508,20190612,L,SH,国联安基金,国泰海通证券股份有限公司,0.5,纯境内,2019-06-12,semiconductors
563850.SH,广发中证全指食品ETF,广发中证全指食品ETF,广发中证全指食品交易型开放式指数证券投资基金,H30192.CSI,中证食品,20251210,20251219,L,SH,广发基金,中国农业银行股份有限公司,0.5,纯境内,2025-12-19,consumer
560130.SH,鹏华中证全指食品ETF,鹏华中证全指食品ETF,鹏华中证全指食品交易型开放式指数证券投资基金,H30192.CSI,中证食品,20251230,20260113,L,SH,鹏华基金,苏州银行股份有限公司,0.5,纯境内,2026-01-13,consumer
159151.SZ,华夏中证全指食品ETF,华夏中证全指食品ETF,华夏中证全指食品交易型开放式指数证券投资基金,H30192.CSI,中证食品,20251231,20260114,L,SZ,华夏基金,招商银行股份有限公司,0.5,纯境内,2026-01-14,consumer
560160.SH,易方达中证全指食品ETF,易方达中证全指食品ETF,易方达中证全指食品交易型开放式指数证券投资基金,H30192.CSI,中证食品,20260119,20260127,L,SH,易方达基金,中国银行股份有限公司,0.5,纯境内,2026-01-27,consumer
560320.SH,富国中证全指食品ETF,富国中证全指食品ETF,富国中证全指食品交易型开放式指数证券投资基金,H30192.CSI,中证食品,20260429,20260513,L,SH,富国基金,中信证券股份有限公司,0.5,纯境内,2026-05-13,consumer
560420.SH,前海开源中证全指食品ETF,前海开源中证全指食品ETF,前海开源中证全指食品交易型开放式指数证券投资基金,H30192.CSI,中证食品,20260429,20260519,L,SH,前海开源基金,长沙银行股份有限公司,0.5,纯境内,2026-05-19,consumer
561360.SH,国泰中证油气产业ETF,国泰中证油气产业ETF,国泰中证油气产业交易型开放式指数证券投资基金,H30198.CSI,中证油气产业,20231023,20231031,L,SH,国泰基金,中国邮政储蓄银行股份有限公司,0.5,纯境内,2023-10-31,energy
561570.SH,华泰柏瑞中证油气产业ETF,华泰柏瑞中证油气产业ETF,华泰柏瑞中证油气产业交易型开放式指数证券投资基金,H30198.CSI,中证油气产业,20241009,20241017,L,SH,华泰柏瑞基金,中信证券股份有限公司,0.5,纯境内,2024-10-17,energy
159611.SZ,广发中证全指电力公用事业ETF,广发中证全指电力公用事业ETF,广发中证全指电力公用事业交易型开放式指数证券投资基金,H30199.CSI,中证电力指数,20211229,20220107,L,SZ,广发基金,中国建设银行股份有限公司,0.5,纯境内,2022-01-07,power_grid
561560.SH,华泰柏瑞中证全指电力公用事业ETF,华泰柏瑞中证全指电力公用事业ETF,华泰柏瑞中证全指电力公用事业交易型开放式指数证券投资基金,H30199.CSI,中证电力指数,20220426,20220516,L,SH,华泰柏瑞基金,中国农业银行股份有限公司,0.5,纯境内,2022-05-16,power_grid
562350.SH,银华中证全指电力公用事业ETF,银华中证全指电力公用事业ETF,银华中证全指电力公用事业交易型开放式指数证券投资基金,H30199.CSI,中证电力指数,20220630,20220712,L,SH,银华基金,招商银行股份有限公司,0.5,纯境内,2022-07-12,power_grid
561700.SH,博时中证全指电力公用事业ETF,博时中证全指电力公用事业ETF,博时中证全指电力公用事业交易型开放式指数证券投资基金,H30199.CSI,中证电力指数,20220701,20220715,L,SH,博时基金,华泰证券股份有限公司,0.5,纯境内,2022-07-15,power_grid
560580.SH,南方中证全指电力公用事业ETF,南方中证全指电力公用事业ETF,南方中证全指电力公用事业交易型开放式指数证券投资基金,H30199.CSI,中证电力指数,20230427,20230512,L,SH,南方基金,中国邮政储蓄银行股份有限公司,0.5,纯境内,2023-05-12,power_grid
159146.SZ,华宝中证全指电力公用事业ETF,华宝中证全指电力公用事业ETF,华宝中证全指电力公用事业交易型开放式指数证券投资基金,H30199.CSI,中证电力指数,20260112,20260120,L,SZ,华宝基金,广发证券股份有限公司,0.5,纯境内,2026-01-20,power_grid
159158.SZ,景顺长城中证全指电力公用事业ETF,景顺长城中证全指电力公用事业ETF,景顺长城中证全指电力公用事业交易型开放式指数证券投资基金,H30199.CSI,中证电力指数,20260116,20260127,L,SZ,景顺长城基金,国投证券股份有限公司,0.5,纯境内,2026-01-27,power_grid
560270.SH,工银瑞信中证全指电力公用事业ETF,工银瑞信中证全指电力公用事业ETF,工银瑞信中证全指电力公用事业交易型开放式指数证券投资基金,H30199.CSI,中证电力指数,20260211,20260306,L,SH,工银瑞信基金,中信建投证券股份有限公司,0.5,纯境内,2026-03-06,power_grid
516370.SH,汇添富中证全指电力公用事业ETF,汇添富中证全指电力公用事业ETF,汇添富中证全指电力公用事业交易型开放式指数证券投资基金,H30199.CSI,中证电力指数,20260325,20260403,L,SH,汇添富基金,国信证券股份有限公司,0.5,纯境内,2026-04-03,power_grid
560450.SH,天弘中证全指电力公用事业ETF,天弘中证全指电力公用事业ETF,天弘中证全指电力公用事业交易型开放式指数证券投资基金,H30199.CSI,中证电力指数,20260422,20260430,L,SH,天弘基金,国信证券股份有限公司,0.5,纯境内,2026-04-30,power_grid
512140.SH,华安中证全指电力公用事业ETF,华安中证全指电力公用事业ETF,华安中证全指电力公用事业交易型开放式指数证券投资基金,H30199.CSI,中证电力指数,20260427,20260511,L,SH,华安基金,兴业银行股份有限公司,0.5,纯境内,2026-05-11,power_grid
560930.SH,易方达中证全指电力公用事业ETF,易方达中证全指电力公用事业ETF,易方达中证全指电力公用事业交易型开放式指数证券投资基金,H30199.CSI,中证电力指数,20260506,20260514,L,SH,易方达基金,中国工商银行股份有限公司,0.15,纯境内,2026-05-14,power_grid
560460.SH,平安中证全指电力公用事业ETF,平安中证全指电力公用事业ETF,平安中证全指电力公用事业交易型开放式指数证券投资基金,H30199.CSI,中证电力指数,20260429,20260515,L,SH,平安基金,广州农村商业银行股份有限公司,0.5,纯境内,2026-05-15,power_grid
560480.SH,招商中证全指电力公用事业ETF,招商中证全指电力公用事业ETF,招商中证全指电力公用事业交易型开放式指数证券投资基金,H30199.CSI,中证电力指数,20260514,20260526,L,SH,招商基金,中泰证券股份有限公司,0.5,纯境内,2026-05-26,power_grid
560830.SH,华夏中证全指电力公用事业ETF,华夏中证全指电力公用事业ETF,华夏中证全指电力公用事业交易型开放式指数证券投资基金,H30199.CSI,中证电力指数,20260515,20260526,L,SH,华夏基金,国信证券股份有限公司,0.15,纯境内,2026-05-26,power_grid
515230.SH,国泰中证全指软件ETF,国泰中证全指软件ETF,国泰中证全指软件交易型开放式指数证券投资基金,H30202.CSI,中证软件指数,20210203,20210302,L,SH,国泰基金,平安银行股份有限公司,0.5,纯境内,2021-03-02,software_media
159899.SZ,招商中证全指软件ETF,招商中证全指软件ETF,招商中证全指软件交易型开放式指数证券投资基金,H30202.CSI,中证软件指数,20210618,20210628,L,SZ,招商基金,华泰证券股份有限公司,0.5,纯境内,2021-06-28,software_media
159590.SZ,汇添富中证全指软件ETF,汇添富中证全指软件ETF,汇添富中证全指软件交易型开放式指数证券投资基金,H30202.CSI,中证软件指数,20241028,20241106,L,SZ,汇添富基金,平安银行股份有限公司,0.5,纯境内,2024-11-06,software_media
159068.SZ,华夏中证全指软件ETF,华夏中证全指软件ETF,华夏中证全指软件交易型开放式指数证券投资基金,H30202.CSI,中证软件指数,20260629,20260708,L,SZ,华夏基金,交通银行股份有限公司,0.15,纯境内,2026-07-08,software_media
159883.SZ,永赢中证全指医疗器械ETF,永赢中证全指医疗器械ETF,永赢中证全指医疗器械交易型开放式指数证券投资基金,H30217.CSI,中证医疗器械,20210422,20210430,L,SZ,永赢基金,招商银行股份有限公司,0.5,纯境内,2021-04-30,healthcare
159898.SZ,招商中证全指医疗器械ETF,招商中证全指医疗器械ETF,招商中证全指医疗器械交易型开放式指数证券投资基金,H30217.CSI,中证医疗器械,20210527,20210604,L,SZ,招商基金,国泰海通证券股份有限公司,0.5,纯境内,2021-06-04,healthcare
159797.SZ,汇添富中证全指医疗器械ETF,汇添富中证全指医疗器械ETF,汇添富中证全指医疗器械交易型开放式指数证券投资基金,H30217.CSI,中证医疗器械,20220428,20220516,L,SZ,汇添富基金,中国农业银行股份有限公司,0.15,纯境内,2022-05-16,healthcare
562600.SH,华夏中证全指医疗器械ETF,华夏中证全指医疗器械ETF,华夏中证全指医疗器械交易型开放式指数证券投资基金,H30217.CSI,中证医疗器械,20231123,20231211,L,SH,华夏基金,招商银行股份有限公司,0.5,纯境内,2023-12-11,healthcare
159051.SZ,易方达中证全指医疗器械ETF,易方达中证全指医疗器械ETF,易方达中证全指医疗器械交易型开放式指数证券投资基金,H30217.CSI,中证医疗器械,20260529,20260609,L,SZ,易方达基金,招商银行股份有限公司,0.15,纯境内,2026-06-09,healthcare
159056.SZ,富国中证全指医疗器械ETF,富国中证全指医疗器械ETF,富国中证全指医疗器械交易型开放式指数证券投资基金,H30217.CSI,中证医疗器械,20260529,20260609,L,SZ,富国基金,国信证券股份有限公司,0.5,纯境内,2026-06-09,healthcare
159057.SZ,鹏华中证全指医疗器械ETF,鹏华中证全指医疗器械ETF,鹏华中证全指医疗器械交易型开放式指数证券投资基金,H30217.CSI,中证医疗器械,20260529,20260615,L,SZ,鹏华基金,兴业证券股份有限公司,0.5,纯境内,2026-06-15,healthcare
512220.SH,景顺长城中证科技传媒通信150ETF,景顺长城中证科技传媒通信150ETF,景顺长城中证科技传媒通信150交易型开放式指数证券投资基金,H30318.CSI,中证科技传媒通信150,20140718,20140819,L,SH,景顺长城基金,中国银行股份有限公司,0.5,纯境内,2014-08-19,software_media
516190.SH,华夏中证文娱传媒ETF,华夏中证文娱传媒ETF,华夏中证文娱传媒交易型开放式指数证券投资基金,H30365.CSI,中证文娱传媒,20210909,20210917,L,SH,华夏基金,中国银行股份有限公司,0.5,纯境内,2021-09-17,software_media
517990.SH,招商中证沪港深500医药卫生ETF,招商中证沪港深500医药卫生ETF,招商中证沪港深500医药卫生交易型开放式指数证券投资基金,H30463.CSI,中证沪港深500医药,20220509,20220519,L,SH,招商基金,华泰证券股份有限公司,0.5,纯境内,2022-05-19,healthcare
562360.SH,银华中证机器人ETF,银华中证机器人ETF,银华中证机器人交易型开放式指数证券投资基金,H30590.CSI,中证机器人,20210922,20211015,L,SH,银华基金,招商银行股份有限公司,0.5,纯境内,2021-10-15,ai_robotics
159770.SZ,天弘中证机器人ETF,天弘中证机器人ETF,天弘中证机器人交易型开放式指数证券投资基金,H30590.CSI,中证机器人,20211026,20211108,L,SZ,天弘基金,国泰海通证券股份有限公司,0.5,纯境内,2021-11-08,ai_robotics
562500.SH,华夏中证机器人ETF,华夏中证机器人ETF,华夏中证机器人交易型开放式指数证券投资基金,H30590.CSI,中证机器人,20211217,20211229,L,SH,华夏基金,兴业银行股份有限公司,0.5,纯境内,2021-12-29,ai_robotics
159551.SZ,国泰中证机器人ETF,国泰中证机器人ETF,国泰中证机器人交易型开放式指数证券投资基金,H30590.CSI,中证机器人,20231108,20231116,L,SZ,国泰基金,中国邮政储蓄银行股份有限公司,0.5,纯境内,2023-11-16,ai_robotics
159526.SZ,嘉实中证机器人ETF,嘉实中证机器人ETF,嘉实中证机器人交易型开放式指数证券投资基金,H30590.CSI,中证机器人,20240416,20240424,L,SZ,嘉实基金,中信证券股份有限公司,0.5,纯境内,2024-04-24,ai_robotics
560630.SH,万家中证机器人ETF,万家中证机器人ETF,万家中证机器人交易型开放式指数证券投资基金,H30590.CSI,中证机器人,20250319,20250401,L,SH,万家基金,广发证券股份有限公司,0.5,纯境内,2025-04-01,ai_robotics
159213.SZ,汇添富中证机器人ETF,汇添富中证机器人ETF,汇添富中证机器人交易型开放式指数证券投资基金,H30590.CSI,中证机器人,20250421,20250430,L,SZ,汇添富基金,国信证券股份有限公司,0.5,纯境内,2025-04-30,ai_robotics
159258.SZ,南方中证机器人ETF,南方中证机器人ETF,南方中证机器人交易型开放式指数证券投资基金,H30590.CSI,中证机器人,20250724,20250801,L,SZ,南方基金,平安银行股份有限公司,0.5,纯境内,2025-08-01,ai_robotics
560770.SH,招商中证机器人ETF,招商中证机器人ETF,招商中证机器人交易型开放式指数证券投资基金,H30590.CSI,中证机器人,20250821,20250901,L,SH,招商基金,中国工商银行股份有限公司,0.5,纯境内,2025-09-01,ai_robotics
