ts_code,csname,extname,cname,index_code,index_name,setup_date,list_date,list_status,exchange,mgr_name,custod_name,mgt_fee,etf_type,benchmark,delist_date,benchmark_normalized,recovered_index_code,recovered_index_name,recovered_cluster,exact_benchmark_matches,recovery_pass,recovery_reason
159503.SZ,鹏扬国证财富管理ETF,鹏扬国证财富管理ETF,鹏扬国证财富管理交易型开放式指数证券投资基金,,,20230629,20230720,D,SZ,鹏扬基金,华泰证券股份有限公司,,纯境内,国证财富管理指数收益率×100%,20240719,国证财富管理,CN5074.SZ,国证财富管理指数,other_theme,1,False,ambiguous_or_non_theme_or_unmatched
159522.SZ,景顺长城国证2000ETF,景顺长城国证2000ETF,景顺长城国证2000交易型开放式指数证券投资基金,,,20230913,20231016,D,SZ,景顺长城基金,广发证券股份有限公司,,纯境内,国证2000指数收益率×100%,20240828,国证2000,399303.SZ,国证2000指数,other_theme,1,False,ambiguous_or_non_theme_or_unmatched
159579.SZ,华安深证主板50ETF,华安深证主板50ETF,华安深证主板50交易型开放式指数证券投资基金,,,20240705,20240719,D,SZ,华安基金,华泰证券股份有限公司,,纯境内,深证主板50指数收益率×100%,20250320,深证主板50,399750.SZ,深证主板50指数,other_theme,1,False,ambiguous_or_non_theme_or_unmatched
159646.SZ,华泰柏瑞国证疫苗与生物科技ETF,华泰柏瑞国证疫苗与生物科技ETF,华泰柏瑞国证疫苗与生物科技交易型开放式指数证券投资基金,,,20220811,20220822,D,SZ,华泰柏瑞基金,中国建设银行股份有限公司,,纯境内,国证疫苗与生物科技指数收益率×100%,20240605,国证疫苗与生物科技,980015.SZ,国证疫苗与生物科技指数,healthcare,1,True,exact_normalized_benchmark
159683.SZ,嘉实中证内地运输主题ETF,嘉实中证内地运输主题ETF,嘉实中证内地运输主题交易型开放式指数证券投资基金,,,20221229,20230109,D,SZ,嘉实基金,中国银行股份有限公司,,纯境内,中证内地运输主题指数收益率×100%,20250115,中证内地运输主题,,,,2,False,ambiguous_or_non_theme_or_unmatched
159693.SZ,华泰柏瑞中证有色金属矿业主题ETF,华泰柏瑞中证有色金属矿业主题ETF,华泰柏瑞中证有色金属矿业主题交易型开放式指数证券投资基金,,,20231130,20231214,D,SZ,华泰柏瑞基金,中国建设银行股份有限公司,,纯境内,中证有色金属矿业主题指数收益率×100%,20240607,中证有色金属矿业主题,931892.CSI,中证有色金属矿业主题指数,materials,1,True,exact_normalized_benchmark
159702.SZ,汇添富中证人工智能主题ETF,汇添富中证人工智能主题ETF,汇添富中证人工智能主题交易型开放式指数证券投资基金,,,20210429,20210518,D,SZ,汇添富基金,招商银行股份有限公司,,纯境内,中证人工智能主题指数收益率×100%,20221129,中证人工智能主题,930713.CSI,中证人工智能主题指数,ai_robotics,1,True,exact_normalized_benchmark
159710.SZ,建信中证智能电动汽车ETF,建信中证智能电动汽车ETF,建信中证智能电动汽车交易型开放式指数证券投资基金,,,20210715,20210809,D,SZ,建信基金,中国国际金融股份有限公司,,纯境内,中证智能电动汽车指数×100%,20240125,中证智能电动汽车,H11052.CSI,中证智能电动汽车指数,ai_robotics,1,True,exact_normalized_benchmark
159733.SZ,景顺长城中证消费电子主题ETF,景顺长城中证消费电子主题ETF,景顺长城中证消费电子主题交易型开放式指数证券投资基金,,,20210915,20210929,D,SZ,景顺长城基金,招商银行股份有限公司,,纯境内,中证消费电子主题指数收益率×100%,20240306,中证消费电子主题,931494.CSI,中证消费电子主题指数,electronics_communication,1,True,exact_normalized_benchmark
159769.SZ,银华中证消费电子主题ETF,银华中证消费电子主题ETF,银华中证消费电子主题交易型开放式指数证券投资基金,,,20220218,20220303,D,SZ,银华基金,招商银行股份有限公司,,纯境内,中证消费电子主题指数收益率×100%,20240710,中证消费电子主题,931494.CSI,中证消费电子主题指数,electronics_communication,1,True,exact_normalized_benchmark
159789.SZ,建信中证饮料主题ETF,建信中证饮料主题ETF,建信中证饮料主题交易型开放式指数证券投资基金,,,20211125,20211220,D,SZ,建信基金,中国国际金融股份有限公司,,纯境内,中证饮料主题指数×100%,20231025,中证饮料主题,H30205.CSI,中证饮料主题指数,other_theme,1,False,ambiguous_or_non_theme_or_unmatched
159802.SZ,广发中证800ETF,广发中证800ETF,广发中证800交易型开放式指数证券投资基金,,,20200413,20200515,D,SZ,广发基金,中国工商银行股份有限公司,,纯境内,中证800指数收益率×100%,20200923,中证800,000906.SH,中证800指数,other_theme,1,False,ambiguous_or_non_theme_or_unmatched
159803.SZ,易方达中证浙江新动能ETF(QDII),易方达中证浙江新动能ETF(QDII),易方达中证浙江新动能交易型开放式指数证券投资基金,,,20200427,20200526,D,SZ,易方达基金,中国工商银行股份有限公司,,QDII,中证浙江新动能指数收益率×100%,20210928,中证浙江新动能,931127.CSI,中证浙江新动能指数,other_theme,1,False,ambiguous_or_non_theme_or_unmatched
159809.SZ,博时恒生沪深港通大湾区综合ETF,博时恒生沪深港通大湾区综合ETF,博时恒生沪深港通大湾区综合交易型开放式指数证券投资基金,,,20200430,20200521,D,SZ,博时基金,招商银行股份有限公司,,纯境内,恒生沪深港通大湾区综合指数收益率×100%,20211021,恒生沪深港通大湾区综合,,,,0,False,ambiguous_or_non_theme_or_unmatched
159815.SZ,招商中证浙江100ETF,招商中证浙江100ETF,招商中证浙江100交易型开放式指数证券投资基金,,,20200803,20200818,D,SZ,招商基金,浙商银行股份有限公司,,纯境内,中证浙江100指数收益率×100%,20230428,中证浙江100,931163.CSI,中证浙江100指数,other_theme,1,False,ambiguous_or_non_theme_or_unmatched
159823.SZ,嘉实恒生中国企业ETF(QDII),嘉实恒生中国企业ETF(QDII),嘉实恒生中国企业交易型开放式指数证券投资基金(QDII),,,20200924,20201023,D,SZ,嘉实基金,招商银行股份有限公司,,QDII,恒生中国企业指数收益率(使用估值汇率折算)×100%,20240819,恒生中国企业使用估值汇率折算,,,,0,False,ambiguous_or_non_theme_or_unmatched
159832.SZ,平安上海金ETF,平安上海金ETF,平安上海金交易型开放式证券投资基金,,,20220302,20220318,D,SZ,平安基金,平安银行股份有限公司,,纯境内,上海金集中定价合约的午盘基准价格收益率×100%,20230330,上海金集中定价合约的午盘基准价格,,,,0,False,ambiguous_or_non_theme_or_unmatched
159833.SZ,大成上海金ETF,大成上海金ETF,大成上海金交易型开放式证券投资基金,,,20220318,20220329,D,SZ,大成基金,上海浦东发展银行股份有限公司,,纯境内,上海黄金交易所上海金集中定价合约午盘基准价格收益率×100%,20230606,上海黄金交易所上海金集中定价合约午盘基准价格,,,,0,False,ambiguous_or_non_theme_or_unmatched
159846.SZ,建信中证1000ETF,建信中证1000ETF,建信中证1000交易型开放式指数证券投资基金,,,20210729,20210816,D,SZ,建信基金,中国国际金融股份有限公司,,纯境内,中证1000指数×100%,20220105,中证1000,000852.SH,中证1000指数,other_theme,1,False,ambiguous_or_non_theme_or_unmatched
159853.SZ,南方中证科技100ETF,南方中证科技100ETF,南方中证科技100交易型开放式指数证券投资基金,,,20210929,20211015,D,SZ,南方基金,中国农业银行股份有限公司,,纯境内,中证科技100指数×100%,20231127,中证科技100,931187.CSI,中证科技100指数,other_theme,1,False,ambiguous_or_non_theme_or_unmatched
159897.SZ,建信中证物联网主题ETF,建信中证物联网主题ETF,建信中证物联网主题交易型开放式指数证券投资基金,,,20210603,20210621,D,SZ,建信基金,中信建投证券股份有限公司,,纯境内,中证物联网主题指数收益率×100%,20220519,中证物联网主题,930712.CSI,中证物联网主题指数,other_theme,1,False,ambiguous_or_non_theme_or_unmatched
159911.SZ,鹏华深证民营ETF,鹏华深证民营ETF,深证民营交易型开放式指数证券投资基金,,,20110902,20111014,D,SZ,鹏华基金,中国建设银行股份有限公司,,纯境内,深证民营P×100%,20200619,深证民营P,,,,0,False,ambiguous_or_non_theme_or_unmatched
159917.SZ,国泰中小板300成长ETF,国泰中小板300成长ETF,国泰中小板300成长交易型开放式指数证券投资基金,,,20120315,20120406,D,SZ,国泰基金,中国银行股份有限公司,,纯境内,中小300成长P×100%,20150827,中小300成长P,,,,0,False,ambiguous_or_non_theme_or_unmatched
159921.SZ,诺安中小板等权重ETF,诺安中小板等权重ETF,中小板等权重交易型开放式指数证券投资基金,,,20121210,20130131,D,SZ,诺安基金,交通银行股份有限公司,,纯境内,中小板等权重指数收益率×100%,20171108,中小板等权重,,,,0,False,ambiguous_or_non_theme_or_unmatched
159924.SZ,景顺长城沪深300等权重ETF,景顺长城沪深300等权重ETF,景顺长城沪深300等权重交易型开放式指数证券投资基金,,,20130507,20130605,D,SZ,景顺长城基金,中国农业银行股份有限公司,,纯境内,沪深300等权重指数×100%,20180320,沪深300等权重,000984.CSI,沪深300等权重指数,other_theme,1,False,ambiguous_or_non_theme_or_unmatched
159926.SZ,嘉实中证金边中期国债ETF,嘉实中证金边中期国债ETF,嘉实中证金边中期国债交易型开放式指数证券投资基金,,,20130510,20130805,D,SZ,嘉实基金,中国银行股份有限公司,,纯境内,中证金边中期国债指数×100%,20220622,中证金边中期国债,H11017.CSI,中证金边中期国债指数,other_theme,1,False,ambiguous_or_non_theme_or_unmatched
159927.SZ,鹏华沪深300ETF,鹏华沪深300ETF,鹏华沪深300交易型开放式指数证券投资基金,,,20130719,20130816,D,SZ,鹏华基金,中国建设银行股份有限公司,,纯境内,沪深300指数×100%,20180214,沪深300,000300.SH,沪深300指数,other_theme,1,False,ambiguous_or_non_theme_or_unmatched
159932.SZ,大成中证500深市ETF,大成中证500深市ETF,大成中证500深市交易型开放式指数证券投资基金,,,20130912,20131021,D,SZ,大成基金,中国银行股份有限公司,,纯境内,中证500深市指数×100%,20221122,中证500深市,399802.SZ,中证500深市指数,other_theme,1,False,ambiguous_or_non_theme_or_unmatched
159942.SZ,华润元大中创100ETF,华润元大中创100ETF,华润元大中创100交易型开放式指数证券投资基金,,,20150525,20150625,D,SZ,华润元大基金,招商证券股份有限公司,,纯境内,中小企业板创业板100指数(价格)×100%,20181106,中小企业板创业板100价格,,,,0,False,ambiguous_or_non_theme_or_unmatched
159946.SZ,广发中证全指主要消费ETF,广发中证全指主要消费ETF,广发中证全指主要消费交易型开放式指数证券投资基金,,,20150701,20150713,D,SZ,广发基金,中国银行股份有限公司,,纯境内,中证全指主要消费指数×100%,20181228,中证全指主要消费,000990.CSI,中证全指主要消费指数,consumer,1,True,exact_normalized_benchmark
159950.SZ,易方达深证成指ETF,易方达深证成指ETF,易方达深证成指交易型开放式指数证券投资基金,,,20170427,20170510,D,SZ,易方达基金,中国银行股份有限公司,,纯境内,深圳证券交易所成份指数×100%,20190712,深圳证券交易所成份,,,,0,False,ambiguous_or_non_theme_or_unmatched
159951.SZ,嘉实中关村A股ETF,嘉实中关村A股ETF,嘉实中关村A股交易型开放式指数证券投资基金,,,20170607,20170710,D,SZ,嘉实基金,中国工商银行股份有限公司,,纯境内,中关村A股综合指数×100%,20220824,中关村A股综合,399422.SZ,中关村A股综合指数,other_theme,1,False,ambiguous_or_non_theme_or_unmatched
159953.SZ,广发中证全指工业ETF,广发中证全指工业ETF,广发中证全指工业交易型开放式指数证券投资基金,,,20170613,20170714,D,SZ,广发基金,中国银行股份有限公司,,纯境内,中证全指工业指数×100%,20201217,中证全指工业,000988.CSI,中证全指工业指数,other_theme,1,False,ambiguous_or_non_theme_or_unmatched
159955.SZ,嘉实创业板ETF,嘉实创业板ETF,嘉实创业板交易型开放式指数证券投资基金,,,20170714,20170823,D,SZ,嘉实基金,中国银行股份有限公司,,纯境内,创业板指数P×100%,20221130,创业板P,,,,0,False,ambiguous_or_non_theme_or_unmatched
159962.SZ,华夏中证四川国企改革ETF,华夏中证四川国企改革ETF,华夏中证四川国企改革交易型开放式指数证券投资基金,,,20190306,20190418,D,SZ,华夏基金,中国建设银行股份有限公司,,纯境内,中证四川国企改革指数收益率×100%,20221109,中证四川国企改革,930738.CSI,中证四川国企改革指数,other_theme,1,False,ambiguous_or_non_theme_or_unmatched
159963.SZ,富国恒生中国企业ETF,富国恒生中国企业ETF,富国恒生中国企业交易型开放式指数证券投资基金,,,20190307,20190326,D,SZ,富国基金,中国工商银行股份有限公司,,纯境内,恒生中国企业指数收益率(经估值汇率调整)×100%,20210525,恒生中国企业经估值汇率调整,,,,0,False,ambiguous_or_non_theme_or_unmatched
159969.SZ,银华深证100ETF,银华深证100ETF,银华深证100交易型开放式指数证券投资基金,,,20190628,20190828,D,SZ,银华基金,国泰海通证券股份有限公司,,纯境内,深证100指数收益率(价格)×100%,20260312,深证100价格,,,,0,False,ambiguous_or_non_theme_or_unmatched
159978.SZ,建信中证沪港深粤港澳大湾区发展主题ETF,建信中证沪港深粤港澳大湾区发展主题ETF,建信中证沪港深粤港澳大湾区发展主题交易型开放式指数证券投资基金,,,20200306,20200414,D,SZ,建信基金,招商银行股份有限公司,,纯境内,中证沪港深粤港澳大湾区发展主题指数收益率×100%,20230112,中证沪港深粤港澳大湾区发展主题,930999.CSI,中证沪港深粤港澳大湾区发展主题指数,other_theme,1,False,ambiguous_or_non_theme_or_unmatched
159979.SZ,广发粤港澳大湾区创新100ETF,广发粤港澳大湾区创新100ETF,广发粤港澳大湾区创新100交易型开放式指数证券投资基金,,,20191216,20200214,D,SZ,广发基金,招商银行股份有限公司,,纯境内,粤港澳大湾区创新100指数收益率×100%,20221221,粤港澳大湾区创新100,980001.SZ,粤港澳大湾区创新100指数,other_theme,1,False,ambiguous_or_non_theme_or_unmatched
159983.SZ,华夏粤港澳大湾区创新100ETF,华夏粤港澳大湾区创新100ETF,华夏粤港澳大湾区创新100交易型开放式指数证券投资基金,,,20200225,20200423,D,SZ,华夏基金,招商银行股份有限公司,,纯境内,粤港澳大湾区创新100指数收益率×100%,20240105,粤港澳大湾区创新100,980001.SZ,粤港澳大湾区创新100指数,other_theme,1,False,ambiguous_or_non_theme_or_unmatched
159984.SZ,南方粤港澳大湾区创新100ETF,南方粤港澳大湾区创新100ETF,南方粤港澳大湾区创新100交易型开放式指数证券投资基金,,,20191129,20200117,D,SZ,南方基金,招商银行股份有限公司,,纯境内,粤港澳大湾区创新100指数收益率×100%,20230710,粤港澳大湾区创新100,980001.SZ,粤港澳大湾区创新100指数,other_theme,1,False,ambiguous_or_non_theme_or_unmatched
159986.SZ,弘毅远方国证消费100ETF,弘毅远方国证消费100ETF,弘毅远方国证消费100交易型开放式指数证券投资基金,,,20191219,20200120,D,SZ,弘毅远方基金,广发证券股份有限公司,,纯境内,国证消费100指数收益率×100%,20221027,国证消费100,399364.SZ,国证消费100指数,consumer,1,True,exact_normalized_benchmark
159987.SZ,银华中证研发创新100ETF,银华中证研发创新100ETF,银华中证研发创新100交易型开放式指数证券投资基金,,,20191101,20191118,D,SZ,银华基金,招商证券股份有限公司,,纯境内,中证研发创新100指数×100%,20240903,中证研发创新100,931159.CSI,中证研发创新100指数,other_theme,1,False,ambiguous_or_non_theme_or_unmatched
159988.SZ,平安中债-0-5年广东省地方政府债ETF,平安中债-0-5年广东省地方政府债ETF,平安中债-0-5年广东省地方政府债交易型开放式指数证券投资基金,,,20200429,20200529,D,SZ,平安基金,中国银行股份有限公司,,纯境内,中债-0-5年广东省地方政府债指数收益率×100%,20220630,中债05年广东省地方政府债,,,,0,False,ambiguous_or_non_theme_or_unmatched
159990.SZ,银华巨潮小盘价值ETF,银华巨潮小盘价值ETF,银华巨潮小盘价值交易型开放式指数证券投资基金,,,20191206,20200120,D,SZ,银华基金,华泰证券股份有限公司,,纯境内,巨潮小盘价值指数×100%,20240717,巨潮小盘价值,399377.SZ,巨潮小盘价值指数,other_theme,1,False,ambiguous_or_non_theme_or_unmatched
159999.SZ,永赢中证500ETF,永赢中证500ETF,永赢中证500交易型开放式指数证券投资基金,,,20200714,20200812,D,SZ,永赢基金,中国银行股份有限公司,,纯境内,中证500指数收益率×100%,20230320,中证500,000905.SH,中证小盘500指数,other_theme,1,False,ambiguous_or_non_theme_or_unmatched
510070.SH,鹏华上证民营企业50ETF,鹏华上证民营企业50ETF,上证民营企业50交易型指数证券投资基金,,,20100805,20101029,D,SH,鹏华基金,中国工商银行股份有限公司,,纯境内,上证民营企业50指数×100%,20200813,上证民营企业50,000049.SH,上证民营企业50指数,other_theme,1,False,ambiguous_or_non_theme_or_unmatched
510110.SH,海富通上证周期行业50ETF,海富通上证周期行业50ETF,上证周期行业50交易型开放式指数证券投资基金,,,20100919,20101115,D,SH,海富通基金,中国工商银行股份有限公司,,纯境内,上证周期行业50指数×100%,20230811,上证周期行业50,000063.SH,上证周期行业50指数,other_theme,1,False,ambiguous_or_non_theme_or_unmatched
510120.SH,海富通上证非周期行业100ETF,海富通上证非周期行业100ETF,上证非周期行业100交易型开放式指数证券投资基金,,,20110422,20110608,D,SH,海富通基金,中国工商银行股份有限公司,,纯境内,上证非周期行业100指数×100%,20230811,上证非周期行业100,000064.SH,上证非周期行业100指数,other_theme,1,False,ambiguous_or_non_theme_or_unmatched
510220.SH,华泰柏瑞上证中小盘ETF,华泰柏瑞上证中小盘ETF,上证中小盘交易型开放式指数证券投资基金,,,20110126,20110328,D,SH,华泰柏瑞基金,中国银行股份有限公司,,纯境内,上证中小盘指数×100%,20221227,上证中小盘,000046.SH,上证中小盘指数,other_theme,1,False,ambiguous_or_non_theme_or_unmatched
510260.SH,诺安上证新兴产业ETF,诺安上证新兴产业ETF,上证新兴产业交易型开放式指数证券投资基金,,,20110407,20110608,D,SH,诺安基金,中国工商银行股份有限公司,,纯境内,上证新兴产业指数×100%,20200115,上证新兴产业,000067.SH,上证新兴产业指数,other_theme,1,False,ambiguous_or_non_theme_or_unmatched
510280.SH,华宝上证180成长ETF,华宝上证180成长ETF,上证180成长交易型开放式指数证券投资基金,,,20110804,20111018,D,SH,华宝基金,中国银行股份有限公司,,纯境内,上证180成长指数×100%,20190930,上证180成长,000028.SH,上证180成长指数,other_theme,1,False,ambiguous_or_non_theme_or_unmatched
510420.SH,景顺长城上证180等权重ETF,景顺长城上证180等权重ETF,上证180等权重交易型开放式指数证券投资基金,,,20120612,20120709,D,SH,景顺长城基金,中国银行股份有限公司,,纯境内,上证180等权重指数×100%,20191108,上证180等权重,000051.SH,上证180等权重指数,other_theme,1,False,ambiguous_or_non_theme_or_unmatched
510430.SH,银华上证50等权重ETF,银华上证50等权重ETF,上证50等权重交易型开放式指数证券投资基金,,,20120823,20120924,D,SH,银华基金,中国建设银行股份有限公司,,纯境内,上证50等权重指数×100%,20201218,上证50等权重,000050.SH,上证50等权重指数,other_theme,1,False,ambiguous_or_non_theme_or_unmatched
510440.SH,大成中证500沪市ETF,大成中证500沪市ETF,中证500沪市交易型开放式指数证券投资基金,,,20120824,20121008,D,SH,大成基金,中国银行股份有限公司,,纯境内,中证500沪市指数×100%,20221222,中证500沪市,000802.SH,中证500沪市指数,other_theme,1,False,ambiguous_or_non_theme_or_unmatched
510450.SH,上投摩根上证180高贝塔ETF,上投摩根上证180高贝塔ETF,上证180高贝塔交易型开放式指数证券投资基金,,,20130708,20130801,D,SH,摩根资产管理,中国银行股份有限公司,,纯境内,上证180高贝塔指数×100%,20160824,上证180高贝塔,000135.SH,上证180高贝塔指数,other_theme,1,False,ambiguous_or_non_theme_or_unmatched
510520.SH,诺安中证500ETF,诺安中证500ETF,诺安中证500交易型开放式指数证券投资基金,,,20140207,20140310,D,SH,诺安基金,中国银行股份有限公司,,纯境内,中证小盘500指数×100%,20191031,中证小盘500,000905.SH,中证小盘500指数,other_theme,1,False,ambiguous_or_non_theme_or_unmatched
510610.SH,华夏上证能源ETF,华夏上证能源ETF,上证能源交易型开放式指数发起式证券投资基金,,,20130328,20130508,D,SH,华夏基金,中国建设银行股份有限公司,,纯境内,上证能源行业指数×100%,20160706,上证能源行业,000032.SH,上证能源行业指数,other_theme,1,False,ambiguous_or_non_theme_or_unmatched
510620.SH,华夏上证原材料ETF,华夏上证原材料ETF,上证原材料交易型开放式指数发起式证券投资基金,,,20130328,20130508,D,SH,华夏基金,中国建设银行股份有限公司,,纯境内,上证原材料行业指数×100%,20160815,上证原材料行业,000033.SH,上证原材料行业指数,other_theme,1,False,ambiguous_or_non_theme_or_unmatched
510690.SH,兴业上证180金融ETF,兴业上证180金融ETF,兴业上证180金融交易型开放式指数证券投资基金,,,20200508,20200622,D,SH,兴业基金,招商银行股份有限公司,,纯境内,上证180金融股指数收益率×100%,20220303,上证180金融股,000018.SH,上证180金融股指数,other_theme,1,False,ambiguous_or_non_theme_or_unmatched
510700.SH,长盛上证市值百强ETF,长盛上证市值百强ETF,上证市值百强交易型开放式指数证券投资基金,,,20130424,20130531,D,SH,长盛基金,中国银行股份有限公司,,纯境内,上证市值100指数×100%,20151014,上证市值100,,,,0,False,ambiguous_or_non_theme_or_unmatched
510820.SH,汇添富上证上海改革发展主题ETF,汇添富上证上海改革发展主题ETF,上证上海改革发展主题交易型开放式指数发起式证券投资基金,,,20171201,20190709,D,SH,汇添富基金,中国工商银行股份有限公司,,纯境内,上证上海改革发展主题指数×100%,20190820,上证上海改革发展主题,950082.CSI,上证上海改革发展主题指数,other_theme,1,False,ambiguous_or_non_theme_or_unmatched
510860.SH,兴业上证50ETF,兴业上证50ETF,兴业上证50交易型开放式指数证券投资基金,,,20201113,20210112,D,SH,兴业基金,中国农业银行股份有限公司,,纯境内,上证50指数收益率×100%,20220317,上证50,000016.SH,上证50指数,other_theme,1,False,ambiguous_or_non_theme_or_unmatched
510890.SH,兴业上证红利低波动ETF,兴业上证红利低波动ETF,兴业上证红利低波动交易型开放式指数证券投资基金,,,20190422,20190624,D,SH,兴业基金,中国工商银行股份有限公司,,纯境内,上证红利低波动指数收益率×100%,20210907,上证红利低波动,H50040.CSI,上证红利低波动指数,other_theme,1,False,ambiguous_or_non_theme_or_unmatched
511000.SH,招商中债-0-3年长三角地方政府债ETF,招商中债-0-3年长三角地方政府债ETF,招商中债-0-3年长三角地方政府债交易型开放式指数证券投资基金,,,20200928,20201029,D,SH,招商基金,浙商银行股份有限公司,,纯境内,中债-0-3年长三角地方政府债指数×100%,20210419,中债03年长三角地方政府债,,,,0,False,ambiguous_or_non_theme_or_unmatched
511050.SH,兴业上证1-5年期地方政府债ETF,兴业上证1-5年期地方政府债ETF,兴业上证1-5年期地方政府债交易型开放式指数证券投资基金,,,20200618,20200730,D,SH,兴业基金,中国银行股份有限公司,,纯境内,上证1-5年期地方政府债指数收益率×100%,20210831,上证15年期地方政府债,950047.CSI,上证1-5年期地方政府债指数,other_theme,1,False,ambiguous_or_non_theme_or_unmatched
511210.SH,博时上证企债30ETF,博时上证企债30ETF,上证企债30交易型开放式指数证券投资基金,,,20130711,20130816,D,SH,博时基金,中国工商银行股份有限公司,,纯境内,上证企债30指数×100%,20180126,上证企债30,000061.SH,上证企债30指数,other_theme,1,False,ambiguous_or_non_theme_or_unmatched
511230.SH,海富通上证周期产业债ETF,海富通上证周期产业债ETF,上证周期产业债交易型开放式指数证券投资基金,,,20170123,20170421,D,SH,海富通基金,交通银行股份有限公司,,纯境内,上证周期产业债指数×100%,20210329,上证周期产业债,950102.CSI,上证周期产业债指数,other_theme,1,False,ambiguous_or_non_theme_or_unmatched
511280.SH,华夏上证3-5年期中高评级可质押信用债ETF,华夏上证3-5年期中高评级可质押信用债ETF,华夏上证3-5年期中高评级可质押信用债交易型开放式指数证券投资基金,,,20180503,20180531,D,SH,华夏基金,中国建设银行股份有限公司,,纯境内,上证3-5年期中高评级可质押信用债指数收益率×100%,20211022,上证35年期中高评级可质押信用债,,,,0,False,ambiguous_or_non_theme_or_unmatched
511290.SH,广发上证10年期国债ETF,广发上证10年期国债ETF,广发上证10年期国债交易型开放式指数证券投资基金,,,20180326,20180427,D,SH,广发基金,中国工商银行股份有限公司,,纯境内,上证10年期国债指数×100%,20201030,上证10年期国债,H11077.CSI,上证10年期国债指数,other_theme,1,False,ambiguous_or_non_theme_or_unmatched
511310.SH,富国中证10年期国债ETF,富国中证10年期国债ETF,富国中证10年期国债交易型开放式指数证券投资基金,,,20180319,20180426,D,SH,富国基金,中国工商银行股份有限公司,,纯境内,中证10年期国债指数×100%,20230308,中证10年期国债,930916.CSI,中证10年期国债指数,other_theme,1,False,ambiguous_or_non_theme_or_unmatched
511680.SH,安信保证金货币ETF,安信保证金货币ETF,安信保证金交易型货币市场基金,,,20160909,20160927,D,SH,安信基金,招商证券股份有限公司,,纯境内,七天通知存款利率(税后)×100%,20181030,七天通知存款利率税后,,,,0,False,ambiguous_or_non_theme_or_unmatched
511760.SH,德邦现金宝货币ETF-E,德邦现金宝货币ETF-E,德邦现金宝交易型货币市场基金-E,,,20161128,20161215,D,SH,德邦基金,国泰海通证券股份有限公司,,纯境内,七天通知存款利率(税后)×100%,20180612,七天通知存款利率税后,,,,0,False,ambiguous_or_non_theme_or_unmatched
511890.SH,景顺长城货币ETF,景顺长城货币ETF,景顺长城交易型货币市场基金,,,20150716,20150803,D,SH,景顺长城基金,中国银河证券股份有限公司,,纯境内,七天通知存款税后利率(税后)×100%,20180412,七天通知存款税后利率税后,,,,0,False,ambiguous_or_non_theme_or_unmatched
512110.SH,华安中证细分地产ETF,华安中证细分地产ETF,华安中证细分地产交易型开放式指数证券投资基金,,,20131204,20140106,D,SH,华安基金,中国建设银行股份有限公司,,纯境内,中证细分房地产产业主题指数×100%,20170113,中证细分房地产产业主题,000816.CSI,中证细分房地产产业主题指数,real_estate_infra,1,True,exact_normalized_benchmark
512210.SH,景顺长城中证800食品饮料ETF,景顺长城中证800食品饮料ETF,景顺长城中证800食品饮料交易型开放式指数证券投资基金,,,20140718,20140819,D,SH,景顺长城基金,中国银行股份有限公司,,纯境内,中证800食品饮料指数×100%,20180831,中证800食品饮料,H30020.CSI,中证800食品饮料指数,consumer,1,True,exact_normalized_benchmark
512230.SH,景顺长城中证医药卫生ETF,景顺长城中证医药卫生ETF,景顺长城中证医药卫生交易型开放式指数证券投资基金,,,20140718,20140819,D,SH,景顺长城基金,中国银行股份有限公司,,纯境内,中证医药卫生指数×100%,20190123,中证医药卫生,000933.SH,中证医药卫生指数,healthcare,1,True,exact_normalized_benchmark
512270.SH,华安沪深300行业中性低波动ETF,华安沪深300行业中性低波动ETF,华安沪深300行业中性低波动交易型开放式指数证券投资基金,,,20190307,20190329,D,SH,华安基金,中国建设银行股份有限公司,,纯境内,沪深300行业中性低波动指数收益率×100%,20210923,沪深300行业中性低波动,930846.CSI,沪深300行业中性低波动指数,other_theme,1,False,ambiguous_or_non_theme_or_unmatched
512280.SH,景顺长城MSCI中国A股国际通ETF,景顺长城MSCI中国A股国际通ETF,景顺长城MSCI中国A股国际通交易型开放式指数证券投资基金,,,20180427,20180525,D,SH,景顺长城基金,中国农业银行股份有限公司,,纯境内,MSCI中国A股国际通指数×100%,20250821,MSCI中国A股国际通,,,,0,False,ambiguous_or_non_theme_or_unmatched
512300.SH,南方中证500医药卫生指数ETF,南方中证500医药卫生指数ETF,中证500医药卫生指数交易型开放式指数证券投资基金,,,20141030,20141218,D,SH,南方基金,中国农业银行股份有限公司,,纯境内,中证500医药卫生指数×100%,20210312,中证500医药卫生,H30255.CSI,中证500医药卫生指数,healthcare,1,True,exact_normalized_benchmark
512310.SH,南方中证500工业指数ETF,南方中证500工业指数ETF,中证500工业指数交易型开放式指数证券投资基金,,,20150408,20150508,D,SH,南方基金,中国农业银行股份有限公司,,纯境内,中证500工业指数×100%,20210416,中证500工业,H30252.CSI,中证500工业指数,other_theme,1,False,ambiguous_or_non_theme_or_unmatched
512320.SH,工银瑞信MSCI中国A股ETF,工银瑞信MSCI中国A股ETF,工银瑞信MSCI中国A股交易型开放式指数证券投资基金,,,20200629,20200807,D,SH,工银瑞信基金,中信建投证券股份有限公司,,纯境内,MSCI中国A股人民币指数收益率×100%,20240416,MSCI中国A股,,,,0,False,ambiguous_or_non_theme_or_unmatched
512340.SH,南方中证500原材料指数ETF,南方中证500原材料指数ETF,中证500原材料指数交易型开放式指数证券投资基金,,,20150416,20150515,D,SH,南方基金,中国农业银行股份有限公司,,纯境内,中证500原材料指数×100%,20210416,中证500原材料,H30251.CSI,中证500原材料指数,other_theme,1,False,ambiguous_or_non_theme_or_unmatched
512350.SH,兴业中证福建50ETF,兴业中证福建50ETF,兴业中证福建50交易型开放式指数证券投资基金,,,20200727,20200910,D,SH,兴业基金,招商银行股份有限公司,,纯境内,中证福建50指数收益率×100%,20220317,中证福建50,930703.CSI,中证福建50指数,other_theme,1,False,ambiguous_or_non_theme_or_unmatched
512590.SH,浦银安盛中证高股息精选ETF,浦银安盛中证高股息精选ETF,浦银安盛中证高股息精选交易型开放式指数证券投资基金,,,20190129,20190308,D,SH,浦银安盛基金,交通银行股份有限公司,,纯境内,中证高股息精选指数收益率×100%,20230428,中证高股息精选,930838.CSI,中证高股息精选指数,other_theme,1,False,ambiguous_or_non_theme_or_unmatched
512610.SH,嘉实中证医药卫生ETF,嘉实中证医药卫生ETF,嘉实中证医药卫生交易型开放式指数证券投资基金,,,20140613,20140725,D,SH,嘉实基金,中国银行股份有限公司,,纯境内,中证医药卫生指数×100%,20221222,中证医药卫生,000933.SH,中证医药卫生指数,healthcare,1,True,exact_normalized_benchmark
512780.SH,广发中证京津冀协同发展主题ETF,广发中证京津冀协同发展主题ETF,广发中证京津冀协同发展主题交易型开放式指数证券投资基金,,,20180419,20180524,D,SH,广发基金,中国工商银行股份有限公司,,纯境内,中证京津冀协同发展主题指数×100%,20230112,中证京津冀协同发展主题,930701.CSI,中证京津冀协同发展主题指数,other_theme,1,False,ambiguous_or_non_theme_or_unmatched
512790.SH,华安中证民企成长ETF,华安中证民企成长ETF,华安中证民企成长交易型开放式指数证券投资基金,,,20190726,20190906,D,SH,华安基金,海通证券股份有限公司,,纯境内,中证民企成长指数收益率×100%,20200731,中证民企成长,000939.CSI,中证民企成长指数,other_theme,1,False,ambiguous_or_non_theme_or_unmatched
512850.SH,中信建投中证北京50ETF,中信建投中证北京50ETF,中信建投中证北京50交易型开放式指数证券投资基金,,,20180927,20181109,D,SH,中信建投基金,招商银行股份有限公司,,纯境内,中证北京50指数收益率×100%,20210219,中证北京50,931023.CSI,中证北京50指数,other_theme,1,False,ambiguous_or_non_theme_or_unmatched
512860.SH,华安MSCI中国A股国际ETF,华安MSCI中国A股国际ETF,华安MSCI中国A股国际交易型开放式指数证券投资基金,,,20180927,20181026,D,SH,华安基金,中国农业银行股份有限公司,,纯境内,MSCI中国A股国际指数收益率×100%,20210430,MSCI中国A股国际,,,,0,False,ambiguous_or_non_theme_or_unmatched
512920.SH,新华MSCI中国A股国际ETF,新华MSCI中国A股国际ETF,新华MSCI中国A股国际交易型开放式指数证券投资基金,,,20181107,20181207,D,SH,新华基金,中国农业银行股份有限公司,,纯境内,MSCI中国A股国际指数×100%,20230208,MSCI中国A股国际,,,,0,False,ambiguous_or_non_theme_or_unmatched
513680.SH,建信港股通恒生中国企业ETF,建信港股通恒生中国企业ETF,建信港股通恒生中国企业交易型开放式指数证券投资基金,,,20181213,20190121,D,SH,建信基金,兴业银行股份有限公司,,纯境内,恒生中国企业指数收益率×100%,20230327,恒生中国企业,,,,0,False,ambiguous_or_non_theme_or_unmatched
513960.SH,博时中证港股通消费主题ETF,博时中证港股通消费主题ETF,博时中证港股通消费主题交易型开放式指数证券投资基金,,,20220303,20220318,D,SH,博时基金,平安银行股份有限公司,,纯境内,中证港股通消费主题指数(人民币)收益率×100%,20241108,中证港股通消费主题,,,,2,False,ambiguous_or_non_theme_or_unmatched
515280.SH,富国中证银行ETF,富国中证银行ETF,富国中证银行交易型开放式指数证券投资基金,,,20200401,20200417,D,SH,富国基金,中信证券股份有限公司,,纯境内,中证银行指数收益率×100%,20240925,中证银行,399986.SZ,中证银行指数,financials,1,True,exact_normalized_benchmark
515500.SH,海富通中证长三角领先ETF,海富通中证长三角领先ETF,海富通中证长三角领先交易型开放式指数证券投资基金,,,20200813,20200918,D,SH,海富通基金,中国银行股份有限公司,,纯境内,中证长三角领先指数收益率×100%,20230410,中证长三角领先,931381.CSI,中证长三角领先指数,other_theme,1,False,ambiguous_or_non_theme_or_unmatched
515510.SH,嘉实中证500成长估值ETF,嘉实中证500成长估值ETF,嘉实中证500成长估值交易型开放式指数证券投资基金,,,20200316,20200506,D,SH,嘉实基金,中国银行股份有限公司,,纯境内,中证500成长估值指数收益率×100%,20230508,中证500成长估值,930938.CSI,中证500成长估值指数,other_theme,1,False,ambiguous_or_non_theme_or_unmatched
515520.SH,大成MSCI中国A股质优价值100ETF,大成MSCI中国A股质优价值100ETF,大成MSCI中国A股质优价值100交易型开放式指数证券投资基金,,,20190926,20191118,D,SH,大成基金,中国农业银行股份有限公司,,纯境内,MSCI中国A股质优价值100指数收益率×100%,20230613,MSCI中国A股质优价值100,,,,0,False,ambiguous_or_non_theme_or_unmatched
515570.SH,山西证券中证红利潜力ETF,山西证券中证红利潜力ETF,山西证券中证红利潜力交易型开放式指数证券投资基金,,,20200117,20200409,D,SH,山西证券,中国银行股份有限公司,,纯境内,中证红利潜力指数收益率×100%,20231218,中证红利潜力,H30089.CSI,中证红利潜力指数,other_theme,1,False,ambiguous_or_non_theme_or_unmatched
515610.SH,中银中证800ETF,中银中证800ETF,中银中证800交易型开放式指数证券投资基金,,,20200716,20200818,D,SH,中银基金,中信银行股份有限公司,,纯境内,中证800指数收益率×100%,20220930,中证800,000906.SH,中证800指数,other_theme,1,False,ambiguous_or_non_theme_or_unmatched
515620.SH,建信中证800ETF,建信中证800ETF,建信中证800交易型开放式指数证券投资基金,,,20200417,20200525,D,SH,建信基金,中国国际金融股份有限公司,,纯境内,中证800指数收益率×100%,20210608,中证800,000906.SH,中证800指数,other_theme,1,False,ambiguous_or_non_theme_or_unmatched
515670.SH,中银中证100ETF,中银中证100ETF,中银中证100交易型开放式指数证券投资基金,,,20200417,20200520,D,SH,中银基金,中信证券股份有限公司,,纯境内,中证100指数收益率×100%,20240628,中证100,,,,0,False,ambiguous_or_non_theme_or_unmatched
515690.SH,鹏华中证高股息龙头ETF,鹏华中证高股息龙头ETF,鹏华中证高股息龙头交易型开放式指数证券投资基金,,,20200320,20200513,D,SH,鹏华基金,中信证券股份有限公司,,纯境内,中证高股息龙头指数收益率×100%,20220426,中证高股息龙头,931373.CSI,中证高股息龙头指数,other_theme,1,False,ambiguous_or_non_theme_or_unmatched
515780.SH,浦银安盛MSCI中国A股ETF,浦银安盛MSCI中国A股ETF,浦银安盛MSCI中国A股交易型开放式指数证券投资基金,,,20200430,20200529,D,SH,浦银安盛基金,中国银行股份有限公司,,纯境内,MSCI中国A股人民币指数收益率×100%,20250530,MSCI中国A股,,,,0,False,ambiguous_or_non_theme_or_unmatched
515820.SH,富国中证800ETF,富国中证800ETF,富国中证800交易型开放式指数证券投资基金,,,20200513,20200529,D,SH,富国基金,中国工商银行股份有限公司,,纯境内,中证800指数收益率×100%,20230322,中证800,000906.SH,中证800指数,other_theme,1,False,ambiguous_or_non_theme_or_unmatched
515830.SH,工银瑞信中证800ETF,工银瑞信中证800ETF,工银瑞信中证800交易型开放式指数证券投资基金,,,20200601,20200717,D,SH,工银瑞信基金,兴业银行股份有限公司,,纯境内,中证800指数收益率×100%,20220615,中证800,000906.SH,中证800指数,other_theme,1,False,ambiguous_or_non_theme_or_unmatched
515870.SH,嘉实中证先进制造100策略ETF,嘉实中证先进制造100策略ETF,嘉实中证先进制造100策略交易型开放式指数证券投资基金,,,20191205,20200117,D,SH,嘉实基金,中国银行股份有限公司,,纯境内,中证先进制造100策略指数收益率×100%,20230316,中证先进制造100策略,931167.CSI,中证先进制造100策略指数,other_theme,1,False,ambiguous_or_non_theme_or_unmatched
515930.SH,永赢沪深300ETF,永赢沪深300ETF,永赢沪深300交易型开放式指数证券投资基金,,,20200413,20200508,D,SH,永赢基金,中国工商银行股份有限公司,,纯境内,沪深300指数收益率×100%,20230731,沪深300,000300.SH,沪深300指数,other_theme,1,False,ambiguous_or_non_theme_or_unmatched
516400.SH,富国中证ESG120策略ETF,富国中证ESG120策略ETF,富国中证ESG120策略交易型开放式指数证券投资基金,,,20210616,20210701,D,SH,富国基金,华夏银行股份有限公司,,纯境内,中证ESG120策略指数×100%,20220126,中证ESG120策略,931476.CSI,中证ESG120策略指数,other_theme,1,False,ambiguous_or_non_theme_or_unmatched
516480.SH,国联安中证新材料主题ETF,国联安中证新材料主题ETF,国联安中证新材料主题交易型开放式指数证券投资基金,,,20210527,20210611,D,SH,国联安基金,国泰海通证券股份有限公司,,纯境内,中证新材料主题指数×100%,20251014,中证新材料主题,H30597.CSI,中证新材料主题指数,other_theme,1,False,ambiguous_or_non_theme_or_unmatched
516680.SH,建信中证细分有色金属产业主题ETF,建信中证细分有色金属产业主题ETF,建信中证细分有色金属产业主题交易型开放式指数证券投资基金,,,20210218,20210308,D,SH,建信基金,中国国际金融股份有限公司,,纯境内,中证细分有色金属产业主题指数收益率×100%,20221130,中证细分有色金属产业主题,000811.CSI,中证细分有色金属产业主题指数,materials,1,True,exact_normalized_benchmark
516690.SH,银华中证细分化工产业主题ETF,银华中证细分化工产业主题ETF,银华中证细分化工产业主题交易型开放式指数证券投资基金,,,20211207,20211221,D,SH,银华基金,中国工商银行股份有限公司,,纯境内,中证细分化工产业主题指数收益率×100%,20240827,中证细分化工产业主题,000813.CSI,中证细分化工产业主题指数,materials,1,True,exact_normalized_benchmark
516870.SH,银华中证800汽车与零部件ETF,银华中证800汽车与零部件ETF,银华中证800汽车与零部件交易型开放式指数证券投资基金,,,20210624,20210709,D,SH,银华基金,招商银行股份有限公司,,纯境内,中证800汽车与零部件指数收益率×100%,20220126,中证800汽车与零部件,H30015.CSI,中证800汽车与零部件指数,automotive,1,True,exact_normalized_benchmark
517060.SH,华宝中证沪港深500ETF,华宝中证沪港深500ETF,华宝中证沪港深500交易型开放式指数证券投资基金,,,20210305,20210326,D,SH,华宝基金,中国银行股份有限公司,,纯境内,中证沪港深500指数收益率×100%,20221111,中证沪港深500,H30455.CSI,中证沪港深500指数,other_theme,1,False,ambiguous_or_non_theme_or_unmatched
517270.SH,浦银安盛中证沪港深科技龙头ETF,浦银安盛中证沪港深科技龙头ETF,浦银安盛中证沪港深科技龙头交易型开放式指数证券投资基金,,,20211230,20220112,D,SH,浦银安盛基金,光大证券股份有限公司,,纯境内,中证沪港深科技龙头指数收益率×100%,20240520,中证沪港深科技龙头,931524.CSI,中证沪港深科技龙头指数,other_theme,1,False,ambiguous_or_non_theme_or_unmatched
517280.SH,天弘中证沪港深线上消费主题ETF,天弘中证沪港深线上消费主题ETF,天弘中证沪港深线上消费主题交易型开放式指数证券投资基金,,,20211116,20211203,D,SH,天弘基金,中信证券股份有限公司,,纯境内,中证沪港深线上消费主题指数×100%,20240826,中证沪港深线上消费主题,931481.CSI,中证沪港深线上消费主题指数,consumer,1,True,exact_normalized_benchmark
517500.SH,国泰中证沪港深动漫游戏ETF,国泰中证沪港深动漫游戏ETF,国泰中证沪港深动漫游戏交易型开放式指数证券投资基金,,,20220303,20220315,D,SH,国泰基金,中信建投证券股份有限公司,,纯境内,中证沪港深动漫游戏指数收益率×100%,20231221,中证沪港深动漫游戏,931523.CSI,中证沪港深动漫游戏指数,software_media,1,True,exact_normalized_benchmark
517760.SH,浦银安盛中证沪港深消费龙头ETF,浦银安盛中证沪港深消费龙头ETF,浦银安盛中证沪港深消费龙头交易型开放式指数证券投资基金,,,20220401,20220419,D,SH,浦银安盛基金,兴业银行股份有限公司,,纯境内,中证沪港深消费龙头指数收益率×100%,20240529,中证沪港深消费龙头,931663.CSI,中证沪港深消费龙头指数,consumer,1,True,exact_normalized_benchmark
517780.SH,浦银安盛中华交易服务沪深港300ETF,浦银安盛中华交易服务沪深港300ETF,浦银安盛中华交易服务沪深港300交易型开放式指数证券投资基金,,,20220308,20220318,D,SH,浦银安盛基金,海通证券股份有限公司,,纯境内,中华交易服务沪深港300指数收益率×100%,20231114,中华交易服务沪深港300,,,,0,False,ambiguous_or_non_theme_or_unmatched
517960.SH,摩根中证沪港深科技100ETF,摩根中证沪港深科技100ETF,摩根中证沪港深科技100交易型开放式指数证券投资基金,,,20211122,20211223,D,SH,摩根资产管理,中国银行股份有限公司,,纯境内,中证沪港深科技100指数收益率×100%,20240904,中证沪港深科技100,931442.CSI,中证沪港深科技100指数,other_theme,1,False,ambiguous_or_non_theme_or_unmatched
560000.SH,浦银安盛中证智能电动汽车ETF,浦银安盛中证智能电动汽车ETF,浦银安盛中证智能电动汽车交易型开放式指数证券投资基金,,,20210917,20210930,D,SH,浦银安盛基金,招商银行股份有限公司,,纯境内,中证智能电动汽车指数收益率×100%,20260715,中证智能电动汽车,H11052.CSI,中证智能电动汽车指数,ai_robotics,1,True,exact_normalized_benchmark
560600.SH,方正富邦中证医药及医疗器械创新ETF,方正富邦中证医药及医疗器械创新ETF,方正富邦中证医药及医疗器械创新交易型开放式指数证券投资基金,,,20220303,20220315,D,SH,方正富邦基金,平安银行股份有限公司,,纯境内,中证医药及医疗器械创新指数收益率×100%,20231229,中证医药及医疗器械创新,931484.CSI,中证医药及医疗器械创新指数,healthcare,1,True,exact_normalized_benchmark
560650.SH,民生加银中证企业核心竞争力50ETF,民生加银中证企业核心竞争力50ETF,民生加银中证企业核心竞争力50交易型开放式指数证券投资基金,,,20220613,20220627,D,SH,民生加银基金,交通银行股份有限公司,,纯境内,中证企业核心竞争力50指数收益率×100%,,中证企业核心竞争力50,931526.CSI,中证企业核心竞争力50指数,other_theme,1,False,ambiguous_or_non_theme_or_unmatched
560890.SH,新华中证红利低波动ETF,新华中证红利低波动ETF,新华中证红利低波动交易型开放式指数证券投资基金,,,20240902,20240920,D,SH,新华基金,华福证券股份有限公司,,纯境内,中证红利低波动指数收益率×100%,20260401,中证红利低波动,H30269.CSI,中证红利低波动指数,other_theme,1,False,ambiguous_or_non_theme_or_unmatched
560960.SH,摩根中证碳中和60ETF,摩根中证碳中和60ETF,摩根中证碳中和60交易型开放式指数证券投资基金,,,20221229,20230113,D,SH,摩根资产管理,交通银行股份有限公司,,纯境内,中证碳中和60指数收益率×100%,20250626,中证碳中和60,931772.CSI,中证碳中和60指数,other_theme,1,False,ambiguous_or_non_theme_or_unmatched
561150.SH,富国中证500ESG基准ETF,富国中证500ESG基准ETF,富国中证500ESG基准交易型开放式指数证券投资基金,,,20220728,20220808,D,SH,富国基金,中国建设银行股份有限公司,,纯境内,中证500ESG基准指数收益率×100%,20221227,中证500ESG基准,931648.CSI,中证500ESG基准指数,other_theme,1,False,ambiguous_or_non_theme_or_unmatched
561710.SH,博时中证疫苗与生物技术ETF,博时中证疫苗与生物技术ETF,博时中证疫苗与生物技术交易型开放式指数证券投资基金,,,20221108,20221125,D,SH,博时基金,中信建投证券股份有限公司,,纯境内,中证疫苗与生物技术指数×100%,20240920,中证疫苗与生物技术,931992.CSI,中证疫苗与生物技术指数,healthcare,1,True,exact_normalized_benchmark
562260.SH,海富通中证汽车零部件主题ETF,海富通中证汽车零部件主题ETF,海富通中证汽车零部件主题交易型开放式指数证券投资基金,,,20240419,20240510,D,SH,海富通基金,光大证券股份有限公司,,纯境内,中证汽车零部件主题指数收益率×100%,20250728,中证汽车零部件主题,931230.CSI,中证汽车零部件主题指数,automotive,1,True,exact_normalized_benchmark
